Candidate Email,Job Name,Candidate,Status,Offer Issued Date,Offer Issued By,Offer Release Date,Offer Accepted Date,Job Application Date,Source Type,Source Name,Job Owner,Department,Gender,Age,Date Of Birth,Current Stage,Candidate Phone Number,Candidate Email,Offer Decline By Candidate Date,Business Unit,Employee name of replacement (If Applicable),Technology Stack,Level,Designation,Joining_Date,Manager_Name,Highest_Qualification,Education_Qualification_Degree,College,,Buddy_Name,Cost_Centre,Current_Company,Industry_Type,Current_Designation,Current_Compensation,Performance_Variable,Current_Retention_Bonus,Current_ESOP,Notice_Period_In_Days,Offer_In_Hand,Comp_Range,Offer_Expiry_Date,Candidate_Signature,Offer_Acceptance_Date,Annual_Basic,Monthly_Basic,Annual_HRA,Monthly_HRA,Annual_LTA,Monthly_LTA,Annual_Special_Allowance,Monthly_Special_Allowance,Annual_Grross_Salary,Monthly_Gross_Salary,Final_Annual_Variable_Pay,Annual_PF,Monthly_PF,Annual_Gratuity,TCTC,Monthly_CTC,GMC,GPA,GTA,Joining_Bonus,JB_Lockin_In_Months,Standard_Variable_Pay,Exception_Variable,Exception_Variable_Percentage,External_Compa,Internal_Compa,DRB1_Amount,DRB1_Lockin_In_Months,DRB2_Amount,DRB2_Lockin_In_Months,Recruiter,Sub_Department,Job Type
xyz1@gmail.com,title1,ABC1,Accepted,09-Apr-25,Mohd Urfi Sheikh,08-Feb-25,08-Feb-25,25-Mar-25,Consultant,Vendor1,Mohd Urfi Sheikh,Team1,Male,,11-Sep-01,Joined,,xyz1@gmail.com,00-Jan-00,OneXP,,QA,L1,title65,12-Jan-25,ABC1,Bachelor degree,B. Tech,Jain University,ABC1,ABC1,Team1,Company1,Product - B2C,Abc1,"10,00,000",,,,Immediate,NA,Upto P50,10/04/25,{{Candidate_Signature}},15/04/25,,,,,,,,,,,,,,,,,,,,,,,,,,,,,,,mohd.sheikh@telekom-digital.com,,FTE
xyz2@gmail.com,title2,ABC2,Accepted,08-Apr-25,Faizan Ahmad,08-Feb-25,08-Feb-25,21-Mar-25,Consultant,Vendor2,Faizan Ahmad,Team2,Male,26 years,17-Sep-99,Joined,,xyz2@gmail.com,00-Jan-00,Payzy,,iOS,L1,Title45,12-Jan-25,ABC2,Bachelor degree,BE,IIT Delhi,ABC2,ABC2,Team2,Company2,Product - B2B,Abc2,"10,00,000",,,,30,900000,Upto P50,10/04/25,{{Candidate_Signature}},09/04/25,,,,,,,,,,,,,,,,,,,,,,,,,,,,,,,faizan.ahmad@telekom-digital.com,,FTE
xyz3@gmail.com,title3,ABC3,Declined,08-Apr-25,Shweta Pandey,07-Feb-25,08-Feb-25,17-Mar-25,Internal HR,,Shweta Pandey,Team3,Female,28 years,29-Jan-98,Offer Declined,,xyz3@gmail.com,01-May-25,TDG,,Backend,L1,Title45,07-Jan-25,ABC3,Bachelor degree,B. Tech (CSE),IIT Mumbai,ABC3,ABC3,Team3,Company3,ITES - B2C,Abc3,"10,00,000",,,,30,900000,Upto P50,10/04/25,{{Candidate_Signature}},09/04/25,,,,,,,,,,,,,,,,,,,,,,,,,,,,,,,Shweta.Pandey@telekom-digital.com,,FTE
xyz4@gmail.com,title4,ABC4,Accepted,08-Apr-25,Mohd Urfi Sheikh,07-Feb-25,07-Feb-25,06-Mar-25,Referral,Vendor3,Mohd Urfi Sheikh,Team4,Male,25 years,15-Mar-01,Joined,,xyz4@gmail.com,00-Jan-00,Unit8,,Backend,L1,title36,10-Dec-24,ABC4,Bachelor degree,B. Tech (CSE),IIIT,ABC4,ABC4,Team4,Company4,Product - B2C,Abc4,"10,00,000",,,,Immediate,900000,Upto P50,09/04/25,{{Candidate_Signature}},08/04/25,,,,,,,,,,,,,,,,,,,,,,,,,,,,,,,mohd.sheikh@telekom-digital.com,,FTE
xyz5@gmail.com,title5,ABC5,Accepted,07-Apr-25,Mohd Urfi Sheikh,06-Feb-25,08-Feb-25,24-Feb-25,Internal HR,Vendor3,Kavita Verma,Team5,Male,32 years,07-Mar-95,Offer Creation,,xyz5@gmail.com,00-Jan-00,TDG,,QA,L1,Title45,06-Feb-25,ABC5,Bachelor degree,B. Tech,DTU,ABC5,ABC5,Team5,Company5,IT Services & Consulting,Abc5,"10,00,000",,,,60,900000,Upto P50,09/04/25,{{Candidate_Signature}},04/06/25,,,,,,,,,,,,,,,,,,,,,,,,,,,,,,,mohd.sheikh@telekom-digital.com,,FTE
xyz6@gmail.com,title6,ABC6,Accepted,03-Apr-25,Faizan Ahmad,02-Feb-25,03-Feb-25,05-Mar-25,Referral,,Faizan Ahmad,Team6,Male,28 years,05-Mar-98,Joined,,xyz6@gmail.com,00-Jan-00,Business Partnering,,DevOps,L1,title6,09-Feb-25,ABC6,Bachelor degree,B.Com,Jain University,ABC6,ABC6,Team6,Company6,IT Services & Consulting,Abc6,"10,00,000",,,,60,900000,Upto P50,07/04/25,{{Candidate_Signature}},04/06/25,,,,,,,,,,,,,,,,,,,,,,,,,,,,,,,faizan.ahmad@telekom-digital.com,,FTE
xyz7@gmail.com,title7,ABC7,Declined,03-Apr-25,Shweta Pandey,02-Feb-25,02-Feb-25,18-Mar-25,Consultant,Vendor2,Kavita Verma,Team7,Male,,23-Oct-00,Offer Creation,,xyz7@gmail.com,19-Jun-25,Shared Enabler,,Backend,L1,title36,16-Feb-25,ABC7,Bachelor degree,B. Tech (CSE),Jain University,ABC7,ABC7,Team7,Company7,Product - B2B,Abc7,"25,00,000",,,,30,900000,Upto P50,05/04/25,{{Candidate_Signature}},13/06/25,,,,,,,,,,,,,,,,,,,,,,,,,,,,,,,Shweta.Pandey@telekom-digital.com,,FTE
xyz8@gmail.com,title8,ABC8,Accepted,02-Apr-25,Mridu Alagh,01-Feb-25,01-Feb-25,17-Feb-25,Internal HR,,Faizan Ahmad,Team5,Male,,02-Jul-97,Joined,,xyz8@gmail.com,00-Jan-00,Shared Enabler,,Frontend,L1,Title45,05-Dec-24,ABC8,Masters degree,MCA,DTU,ABC8,ABC8,Team5,Company8,Product - B2B,Abc8,"25,00,000",,,,Immediate,900000,Upto P50,04/04/25,{{Candidate_Signature}},02/04/25,,,,,,,,,,,,,,,,,,,,,,,,,,,,,,,mridu.alagh@telekom-digital.com,,FTE
xyz9@gmail.com,title9,ABC9,Accepted,28-Mar-25,Anjali Singh,07-Feb-25,07-Feb-25,06-Mar-25,Consultant,,Anurag Tiwari,Team1,Female,32 years,04-Nov-92,Offer Creation,,xyz9@gmail.com,00-Jan-00,OneXP,,PM,L2,title9,13-Mar-25,ABC9,Bachelor degree,BE,DTU,ABC9,ABC9,Team1,Company9,Product - B2C,Abc9,"25,00,000",,,,60,900000,Above P75,{{Offer_Expiry_Date}},{{Candidate_Signature}},08/04/25,,,,,,,,,,,,,,,,,,,,,,,,,,,,,,,anurag.tiwari@telekom-digital.com,,FTE
xyz12@gmail.com,title3,ABC12,Accepted,27-Mar-25,Shweta Pandey,26-Jan-25,26-Jan-25,20-Mar-25,Internal HR,,Shweta Pandey,Team3,Male,35 years,28-Nov-95,Joined,,xyz12@gmail.com,00-Jan-00,TDG,,Backend,L1,Title45,28-Nov-24,ABC10,Bachelor degree,B. Tech (IT),DTU,ABC10,ABC10,Team3,Company10,Product - B2B,Abc10,"25,00,000",,,,Immediate,900000,Upto P50,27/03/25,{{Candidate_Signature}},27/03/25,,,,,,,,,,,,,,,,,,,,,,,,,,,,,,,Shweta.Pandey@telekom-digital.com,,FTE
xyz13@gmail.com,title6,ABC13,Accepted,27-Mar-25,Faizan Ahmad,26-Jan-25,27-Jan-25,13-Feb-25,Internal HR,,Faizan Ahmad,Team6,Male,30 years,19-Jul-95,Joined,,xyz13@gmail.com,00-Jan-00,Business Partnering,,DevOps,L1,title6,02-Jan-25,ABC11,Masters degree,MSC IT,DTU,ABC11,ABC11,Team6,Company11,IT Services & Consulting,Abc11,"25,00,000",,,,30,900000,Upto P50,29/03/25,{{Candidate_Signature}},29/04/25,,,,,,,,,,,,,,,,,,,,,,,,,,,,,,,faizan.ahmad@telekom-digital.com,,FTE
xyz14@gmail.com,title10,ABC14,Accepted,26-Mar-25,Shweta Pandey,26-Jan-25,26-Jan-25,21-Mar-25,Internal HR,,Kavita Verma,Team8,Male,,02-May-01,Joined,,xyz14@gmail.com,00-Jan-00,Central Products,,Security,L1,Title45,28-Nov-24,ABC12,Masters degree,M.Sc.,DTU,ABC12,ABC12,Team8,Company12,Others,Abc12,"25,00,000",,,,Immediate,900000,Upto P50,27/03/25,{{Candidate_Signature}},27/03/25,,,,,,,,,,,,,,,,,,,,,,,,,,,,,,,Shweta.Pandey@telekom-digital.com,,FTE
xyz15@gmail.com,title11,ABC15,Accepted,25-Mar-25,Shweta Pandey,24-Jan-25,24-Jan-25,05-Mar-25,Consultant,Vendor4,Kavita Verma,Team7,Male,28 years,25-Jun-00,Offer Creation,,xyz15@gmail.com,00-Jan-00,TDG,,Backend,L1,title36,31-Dec-24,ABC13,Masters degree,MCA,Thapar,ABC13,ABC13,Team7,Company13,Product - B2B,Abc13,"25,00,000",,,,30,900000,Upto P50,27/03/25,{{Candidate_Signature}},25/03/25,,,,,,,,,,,,,,,,,,,,,,,,,,,,,,,Shweta.Pandey@telekom-digital.com,,FTE
xyz16@gmail.com,title4,ABC16,Accepted,25-Mar-25,Faizan Ahmad,24-Jan-25,24-Jan-25,18-Feb-25,Internal HR,,Mohd Urfi Sheikh,Team4,Male,25 years,01-May-01,Joined,,xyz16@gmail.com,00-Jan-00,Unit8,,Backend,L1,title36,10-Dec-24,ABC14,Bachelor degree,B. Tech,Thapar,ABC14,ABC14,Team4,Company14,Product - B2C,Abc14,"25,00,000",,,,15,900000,Upto P50,27/03/25,{{Candidate_Signature}},25/03/25,,,,,,,,,,,,,,,,,,,,,,,,,,,,,,,faizan.ahmad@telekom-digital.com,,FTE
xyz17@gmail.com,title5,ABC17,Accepted,25-Mar-25,Mohd Urfi Sheikh,24-Jan-25,24-Jan-25,27-Feb-25,Consultant,Vendor5,Mohd Urfi Sheikh,Team2,Male,30 years,30-Jun-96,Joined,,xyz17@gmail.com,00-Jan-00,Unit8,,QA,L1,Title45,12-Jan-25,ABC15,Bachelor degree,B. Tech,Thapar,ABC15,ABC15,Team2,Company15,Product - B2C,Abc15,"25,00,000",,,,30,900000,Upto P50,26/03/25,{{Candidate_Signature}},28/04/25,,,,,,,,,,,,,,,,,,,,,,,,,,,,,,,mohd.sheikh@telekom-digital.com,,FTE
xyz19@gmail.com,title11,ABC19,Declined,24-Mar-25,Mohd Urfi Sheikh,23-Jan-25,23-Jan-25,06-Mar-25,Internal HR,Vendor3,Kavita Verma,Team10,Male,26 years,07-Sep-01,Offer Declined,,xyz19@gmail.com,30-Apr-25,Natco Products,,Backend,L1,title36,24-Dec-24,ABC17,Bachelor degree,B. Tech (CSE),Thapar,ABC17,ABC17,Team10,Company17,Product - B2C,Abc16,"25,00,000",,,,30,900000,Upto P50,25/03/25,{{Candidate_Signature}},24/03/25,,,,,,,,,,,,,,,,,,,,,,,,,,,,,,,mohd.sheikh@telekom-digital.com,,FTE
xyz21@gmail.com,title12,ABC21,Accepted,20-Mar-25,Kavita Verma,19-Jan-25,19-Jan-25,04-Mar-25,Internal HR,,Kavita Verma,Team4,Male,28 years,22-Oct-98,Joined,,xyz21@gmail.com,00-Jan-00,Shared Enabler,,TPM,L1,Title45,24-Nov-24,ABC19,Bachelor degree,B. Tech (CSE),Thapar,ABC19,ABC19,Team4,Company19,Product - B2C,Abc17,"25,00,000",,,,Immediate,900000,Upto P50,21/03/25,{{Candidate_Signature}},20/03/25,,,,,,,,,,,,,,,,,,,,,,,,,,,,,,,kavita.verma@telekom-digital.com,,FTE
xyz22@gmail.com,title13,ABC22,Declined,20-Mar-25,Kavita Verma,19-Jan-25,21-Jan-25,17-Mar-25,Internal HR,,Kavita Verma,Team11,Male,,28-Aug-87,Offer Declined,,xyz22@gmail.com,05-May-25,Unit8,,Finance,L2,Title47,22-Dec-24,ABC20,Masters degree,CA,Jain University,ABC20,ABC20,Team45,Company20,Others,Abc18,"25,00,000",,,,30,900000,Upto P50,22/03/25,{{Candidate_Signature}},22/03/25,,,,,,,,,,,,,,,,,,,,,,,,,,,,,,,kavita.verma@telekom-digital.com,,FTE
xyz23@gmail.com,title14,ABC23,Declined,19-Mar-25,Shweta Pandey,18-Jan-25,19-Jan-25,05-Mar-25,Consultant,Vendor2,Kavita Verma,Team4,Male,24 years,13-Apr-02,Offer Declined,,xyz23@gmail.com,01-May-25,Shared Enabler,,QA,L1,title65,22-Dec-24,ABC21,Bachelor degree,B. Tech (CSE),Jain University,ABC21,ABC21,Team4,Company21,Product - B2B,Abc19,"25,00,000",,,,30,900000,Upto P50,21/03/25,{{Candidate_Signature}},20/03/25,,,,,,,,,,,,,,,,,,,,,,,,,,,,,,,Shweta.Pandey@telekom-digital.com,,FTE
xyz24@gmail.com,title15,ABC24,Accepted,18-Mar-25,Kavita Verma,19-Jan-25,19-Jan-25,19-Feb-25,Referral,Vendor3,Kavita Verma,Team4,Female,32 years,14-Sep-94,Joined,,xyz24@gmail.com,00-Jan-00,Shared Enabler,,TPM,L2,Title47,24-Nov-24,ABC22,Bachelor degree,B. Tech,Jain University,ABC22,ABC22,Team4,Company22,Product - B2B,Abc20,"25,00,000",,,,Immediate,900000,Between P50-P66,21/03/25,{{Candidate_Signature}},20/03/25,,,,,,,,,,,,,,,,,,,,,,,,,,,,,,,kavita.verma@telekom-digital.com,,FTE
xyz25@gmail.com,title16,ABC25,Accepted,18-Mar-25,Kavita Verma,25-Jan-25,25-Jan-25,12-Feb-25,Internal HR,,Kavita Verma,Team12,Male,34 years,08-Jul-93,Joined,,xyz25@gmail.com,00-Jan-00,OneXP,,QA,L2,Title47,26-Jan-25,ABC23,Bachelor degree,B. Tech,Jain University,ABC23,ABC23,Team12,Company23,Product - B2C,Abc21,"25,00,000",,,,60,900000,Between P50-P66,27/03/25,{{Candidate_Signature}},26/03/25,,,,,,,,,,,,,,,,,,,,,,,,,,,,,,,kavita.verma@telekom-digital.com,,FTE
xyz26@gmail.com,title17,ABC26,Accepted,18-Mar-25,Mohd Urfi Sheikh,18-Jan-25,19-Jan-25,17-Feb-25,Internal HR,,Mohd Urfi Sheikh,Team13,Male,25 years,01-Jan-03,Joined,,xyz26@gmail.com,00-Jan-00,Unit8,,QA,L1,title65,24-Nov-24,ABC24,Bachelor degree,B. Tech,Jain University,ABC24,ABC24,Team13,Company24,Product - B2B,Abc22,"25,00,000",,,,Immediate,900000,Between P50-P66,22/03/25,{{Candidate_Signature}},20/03/25,,,,,,,,,,,,,,,,,,,,,,,,,,,,,,,mohd.sheikh@telekom-digital.com,,FTE
xyz27@gmail.com,title4,ABC27,Accepted,18-Mar-25,Faizan Ahmad,17-Jan-25,26-Jan-25,18-Feb-25,Internal HR,,Mohd Urfi Sheikh,Team14,Male,25 years,03-Dec-00,Joined,,xyz27@gmail.com,00-Jan-00,Unit8,,Backend,L1,title36,28-Nov-24,ABC25,Bachelor degree,B. Tech (CSE),Jain University,ABC25,ABC25,Team14,Company25,Product - B2C,Abc23,"25,00,000",,,,30,900000,Upto P50,27/03/25,{{Candidate_Signature}},27/03/25,,,,,,,,,,,,,,,,,,,,,,,,,,,,,,,faizan.ahmad@telekom-digital.com,,FTE
xyz29@gmail.com,title18,ABC29,Accepted,13-Mar-25,Faizan Ahmad,12-Jan-25,12-Jan-25,03-Mar-25,Internal HR,,Faizan Ahmad,Team5,Male,27 years,22-Mar-00,Joined,,xyz29@gmail.com,00-Jan-00,Shared Enabler,,Data Engineering,L1,Title45,17-Nov-24,ABC26,Bachelor degree,BE,Jain University,ABC26,ABC26,Team5,Company26,Product - B2C,Abc24,"25,00,000",,,,Immediate,900000,Upto P50,14/03/25,{{Candidate_Signature}},13/03/25,,,,,,,,,,,,,,,,,,,,,,,,,,,,,,,faizan.ahmad@telekom-digital.com,,FTE
xyz30@gmail.com,title11,ABC30,Declined,12-Mar-25,Shweta Pandey,11-Jan-25,11-Jan-25,04-Mar-25,Internal HR,,Kavita Verma,Team15,Male,24 years,27-Nov-01,Offer Declined,,xyz30@gmail.com,01-May-25,Natco Products,,Backend,L1,title36,24-Dec-24,ABC27,Bachelor degree,B. Tech (CSE),Jain University,ABC27,ABC27,Team14,Company27,Product - B2B,Abc25,"25,00,000",,,,30,900000,Upto P50,14/03/25,{{Candidate_Signature}},12/03/25,,,,,,,,,,,,,,,,,,,,,,,,,,,,,,,Shweta.Pandey@telekom-digital.com,,FTE
xyz31@gmail.com,title11,ABC31,Accepted,12-Mar-25,Shweta Pandey,24-Jan-25,24-Jan-25,24-Feb-25,Internal HR,,Kavita Verma,Team4,Male,25 years,06-Sep-00,Joined,,xyz31@gmail.com,00-Jan-00,TDG,,Backend,L1,title36,26-Nov-24,ABC28,Bachelor degree,B. Tech (IT),Jain University,ABC28,ABC28,Team4,Company28,Product - B2C,Abc26,"25,00,000",,,,15,900000,Upto P50,25/03/25,{{Candidate_Signature}},25/03/25,,,,,,,,,,,,,,,,,,,,,,,,,,,,,,,Shweta.Pandey@telekom-digital.com,,FTE
xyz32@gmail.com,title19,ABC32,Accepted,10-Mar-25,Kavita Verma,19-Jan-25,19-Jan-25,27-Feb-25,Internal HR,,Kavita Verma,Team5,Male,29 years,28-Feb-97,Joined,,xyz32@gmail.com,00-Jan-00,Shared Enabler,,Data Engineering,L1,title19,24-Nov-24,ABC29,Bachelor degree,B. Tech,Jain University,ABC29,ABC29,Team5,Company29,IT Services & Consulting,Abc27,"25,00,000",,,,Immediate,900000,Above P75,21/03/25,{{Candidate_Signature}},20/03/25,,,,,,,,,,,,,,,,,,,,,,,,,,,,,,,kavita.verma@telekom-digital.com,,FTE
xyz33@gmail.com,title20,ABC33,Declined,10-Mar-25,Ankit Kumar,09-Jan-25,09-Jan-25,03-Jan-25,Internal HR,,Anurag Tiwari,Team16,Female,,01-Jan-99,Offer Declined,,xyz33@gmail.com,29-Apr-25,Business Partnering,,HRBP,L2,title67,05-Jan-25,ABC30,Masters degree,MBA,Jain University,ABC30,ABC30,Team45,Company30,Others,Abc28,"25,00,000",,,,60,900000,Upto P50,{{Offer_Expiry_Date}},{{Candidate_Signature}},10/03/25,,,,,,,,,,,,,,,,,,,,,,,,,,,,,,,anurag.tiwari@telekom-digital.com,,FTE
xyz34@gmail.com,title15,ABC34,Accepted,10-Mar-25,Kavita Verma,09-Jan-25,09-Jan-25,26-Feb-25,Referral,Vendor3,Kavita Verma,Team5,Male,30 years,21-Jan-96,Joined,,xyz34@gmail.com,00-Jan-00,Shared Enabler,,TPM,L2,Title47,02-Feb-25,ABC31,Bachelor degree,B. Tech,Jain University,ABC31,ABC31,Team5,Company31,Product - B2B,Abc29,"25,00,000",,,,90,900000,Upto P50,11/03/25,{{Candidate_Signature}},22/05/25,,,,,,,,,,,,,,,,,,,,,,,,,,,,,,,kavita.verma@telekom-digital.com,,FTE
xyz35@gmail.com,title21,ABC35,Accepted,10-Mar-25,Faizan Ahmad,09-Jan-25,10-Jan-25,29-Jan-25,Internal HR,,Akshima Arora,Team11,Male,30 years,21-Nov-95,Joined,,xyz35@gmail.com,00-Jan-00,Unit8,,DevOps,L1,title6,12-Jan-25,ABC32,Bachelor degree,B. Tech,Jain University,ABC32,ABC32,Team45,Company32,IT Services & Consulting,Abc30,"25,00,000",,,,60,900000,Upto P50,12/03/25,{{Candidate_Signature}},09/05/25,,,,,,,,,,,,,,,,,,,,,,,,,,,,,,,faizan.ahmad@telekom-digital.com,,FTE
xyz36@gmail.com,title1,ABC36,Declined,10-Mar-25,Mohd Urfi Sheikh,09-Jan-25,09-Jan-25,07-Feb-25,Internal HR,,Mohd Urfi Sheikh,Team1,Female,,09-Mar-99,Offer Declined,,xyz36@gmail.com,30-Apr-25,OneXP,,QA,L1,title65,10-Dec-24,ABC33,Masters degree,MCA,Jain University,ABC33,ABC33,Team1,Company33,Product - B2B,Abc31,"25,00,000",,,,30,900000,Upto P50,12/03/25,{{Candidate_Signature}},#VALUE!,,,,,,,,,,,,,,,,,,,,,,,,,,,,,,,mohd.sheikh@telekom-digital.com,,FTE
xyz120@gmail.com,title23,ABC120,Accepted,07-Mar-25,Mridu Alagh,08-Jan-25,08-Jan-25,06-Mar-25,Internal HR,,Mridu Alagh,Team17,Female,35 years,19-Aug-91,Joined,,xyz120@gmail.com,00-Jan-00,Natco Products,,Generative AI,L1,title23,10-Nov-24,ABC34,Bachelor degree,B Tech,Jain University,ABC34,ABC34,Team17,Company34,Product - B2B,Abc32,"25,00,000",,,,Immediate,900000,Upto P50,10/03/25,{{Candidate_Signature}},09/03/25,,,,,,,,,,,,,,,,,,,,,,,,,,,,,,,mridu.alagh@telekom-digital.com,,FTE
xyz121@gmail.com,title24,ABC121,Accepted,06-Mar-25,Kavita Verma,06-Jan-25,06-Jan-25,17-Feb-25,Internal HR,,Kavita Verma,Team18,Male,34 years,08-Jan-92,Joined,,xyz121@gmail.com,00-Jan-00,Shared Enabler,,Architecture,L2,title24,20-Jan-25,ABC35,Bachelor degree,B. Tech,Jain University,ABC35,ABC35,Team9,Company35,IT Services & Consulting,Abc33,"25,00,000",,,,60,900000,Upto P50,07/03/25,{{Candidate_Signature}},14/05/25,,,,,,,,,,,,,,,,,,,,,,,,,,,,,,,kavita.verma@telekom-digital.com,,FTE
xyz122@gmail.com,title4,ABC122,Accepted,03-Mar-25,Faizan Ahmad,02-Jan-25,03-Jan-25,19-Feb-25,Internal HR,,Mohd Urfi Sheikh,Team14,Male,,04-Nov-01,Joined,,xyz122@gmail.com,00-Jan-00,Unit8,,Backend,L1,title36,05-Jan-25,ABC36,Bachelor degree,B. Tech,Jain University,ABC36,ABC36,Team14,Company36,Product - B2C,Abc34,"25,00,000",,,,30,900000,Upto P50,05/03/25,{{Candidate_Signature}},29/04/25,,,,,,,,,,,,,,,,,,,,,,,,,,,,,,,faizan.ahmad@telekom-digital.com,,FTE
xyz123@gmail.com,title25,ABC123,Accepted,01-Mar-25,Anjali Singh,01-Jan-25,02-Jan-25,28-Jan-25,Internal HR,,Anjali Singh,Team19,Male,,04-Apr-83,Joined,,xyz123@gmail.com,00-Jan-00,Unit8,,TPM,L3,title55,10-Nov-24,ABC37,Masters degree,MCA,Jain University,ABC37,ABC37,Team19,Company37,Product - B2C,Abc35,"25,00,000",,,,Immediate,900000,Between P50-P66,07/03/25,{{Candidate_Signature}},03/03/25,,,,,,,,,,,,,,,,,,,,,,,,,,,,,,,anjali.singh@telekom-digital.com,,FTE
xyz124@gmail.com,title5,ABC124,Accepted,28-Feb-25,Mohd Urfi Sheikh,04-Jan-25,04-Jan-25,03-Jan-25,Referral,,Kavita Verma,Team13,Male,,14-Dec-00,Joined,,xyz124@gmail.com,00-Jan-00,TDG,,QA,L1,title65,06-Nov-24,ABC38,Bachelor degree,B. Tech,Jain University,ABC38,ABC38,Team13,Company38,Product - B2B,Abc36,"25,00,000",,,,Immediate,900000,Between P50-P66,06/03/25,{{Candidate_Signature}},05/03/25,,,,,,,,,,,,,,,,,,,,,,,,,,,,,,,mohd.sheikh@telekom-digital.com,Product Core,FTE
xyz125@gmail.com,title5,ABC125,Declined,28-Feb-25,Mohd Urfi Sheikh,02-Jan-25,02-Jan-25,20-Feb-25,Internal HR,Vendor3,Kavita Verma,Team13,Male,24 years,22-Apr-04,Reject,,xyz125@gmail.com,30-Apr-25,TDG,,QA,L1,title65,10-Nov-24,ABC39,Bachelor degree,B. Tech (CSE),Jain University,ABC39,ABC39,Team13,Company39,Product - B2B,Abc37,"25,00,000",,,,15,900000,Upto P50,04/03/25,{{Candidate_Signature}},03/03/25,,,,,,,,,,,,,,,,,,,,,,,,,,,,,,,Mohd Urfi Sheikh,,FTE
xyz126@gmail.com,title4,ABC126,Declined,28-Feb-25,Mridu Alagh,05-Jan-25,05-Jan-25,21-Feb-25,Internal HR,,Mohd Urfi Sheikh,Team15,Male,37 years,28-Nov-01,Offer Declined,,xyz126@gmail.com,21-Apr-25,Unit8,,Backend,L1,title36,08-Dec-24,ABC40,Bachelor degree,B. Tech,Jain University,ABC40,ABC40,Team14,Company40,Product - B2C,Abc38,"25,00,000",,,,30,900000,Upto P50,10/03/25,{{Candidate_Signature}},06/03/25,,,,,,,,,,,,,,,,,,,,,,,,,,,,,,,mridu.alagh@telekom-digital.com,DOT Product,FTE
xyz127@gmail.com,title4,ABC127,Declined,26-Feb-25,Faizan Ahmad,06-Feb-25,06-Feb-25,18-Feb-25,Internal HR,,Mohd Urfi Sheikh,Team4,Male,26 years,10-Apr-01,Declined by Candidate,,xyz127@gmail.com,29-Apr-25,Unit8,,Backend,L1,title36,09-Dec-24,ABC41,Bachelor degree,B. Tech (CSE),Jain University,ABC41,ABC41,Team4,Company41,Product - B2C,Abc39,"25,00,000",,,,60,900000,Upto P50,07/04/25,{{Candidate_Signature}},07/04/25,,,,,,,,,,,,,,,,,,,,,,,,,,,,,,,faizan.ahmad@telekom-digital.com,Core Channel Experience,FTE
xyz128@gmail.com,title26,ABC128,Accepted,26-Feb-25,Mridu Alagh,30-Dec-24,31-Dec-24,05-Feb-25,Internal HR,,Mohd Urfi Sheikh,Team17,Male,32 years,14-Nov-95,Joined,,xyz128@gmail.com,00-Jan-00,Natco Products,,Data Science,L1,title26,05-Nov-24,ABC42,Masters degree,M.Sc.,Jain University,ABC42,ABC42,Team17,Company42,Product - B2C,Abc40,"25,00,000",,,,Immediate,900000,Between P50-P66,02/03/25,{{Candidate_Signature}},01/03/25,,,,,,,,,,,,,,,,,,,,,,,,,,,,,,,Mridu Alagh,,FTE
xyz129@gmail.com,title27,ABC129,Accepted,26-Feb-25,Anurag Tiwari,28-Dec-24,02-Jan-25,25-Feb-25,Internal HR,,Anurag Tiwari,Team7,Male,44 years,20-Dec-81,Joined,,xyz129@gmail.com,00-Jan-00,OneXP,,QA,L4,title27,07-Jan-25,ABC43,Bachelor degree,B. Tech (CSE),Jain University,ABC43,ABC43,Team7,Company43,Others,Abc41,"25,00,000",,,,60,NA,Upto P50,04/03/25,{{Candidate_Signature}},29/04/25,,,,,,,,,,,,,,,,,,,,,,,,,,,,,,,Anurag.tiwari@telekom-digital.com,,FTE
xyz130@gmail.com,title4,ABC130,Accepted,26-Feb-25,Faizan Ahmad,28-Dec-24,28-Dec-24,18-Feb-25,Internal HR,,Mohd Urfi Sheikh,Team4,Male,24 years,19-Jun-02,Joined,,xyz130@gmail.com,00-Jan-00,Unit8,,Backend,L1,title36,03-Nov-24,ABC44,Bachelor degree,B Tech (CSE),Jain University,ABC44,ABC44,Team4,Company44,Product - B2B,Abc42,"25,00,000",,,,Immediate,NA,Upto P50,28/02/25,{{Candidate_Signature}},26/02/25,,,,,,,,,,,,,,,,,,,,,,,,,,,,,,,Faizan Ahmad,,FTE
xyz131@gmail.com,title4,ABC131,Declined,26-Feb-25,Mohd Urfi Sheikh,28-Dec-24,29-Dec-24,07-Feb-25,Referral,,Mohd Urfi Sheikh,Team20,Male,,29-Jan-01,Offer Declined,,xyz131@gmail.com,29-Apr-25,Unit8,,Backend,L1,Title45,24-Dec-24,ABC45,Bachelor degree,B. Tech (IT),Jain University,ABC45,ABC45,Team14,Company45,Product - B2C,Abc43,"25,00,000",,,,45,NA,Upto P50,28/02/25,{{Candidate_Signature}},27/02/25,,,,,,,,,,,,,,,,,,,,,,,,,,,,,,,Mohd Urfi Sheikh,,FTE
xyz132@gmail.com,title4,ABC132,Accepted,25-Feb-25,Mohd Urfi Sheikh,27-Dec-24,28-Dec-24,14-Jan-25,Internal HR,,Mohd Urfi Sheikh,Team2,Male,,07-Feb-99,Joined,,xyz132@gmail.com,00-Jan-00,Unit8,,Backend,L1,Title45,29-Oct-24,ABC46,Bachelor degree,B. Tech (IT),Jain University,ABC46,ABC46,Team2,Company46,Product - B2C,Abc44,"25,00,000",,,,60,NA,Upto P50,26/02/25,{{Candidate_Signature}},26/02/25,,,,,,,,,,,,,,,,,,,,,,,,,,,,,,,Mohd Urfi Sheikh,,FTE
xyz133@gmail.com,title28,ABC133,Accepted,25-Feb-25,Faizan Ahmad,27-Dec-24,28-Dec-24,05-Feb-25,Internal HR,,Faizan Ahmad,Team2,Male,26 years,28-Jul-00,Joined,,xyz133@gmail.com,00-Jan-00,Payzy,,iOS,L1,title36,29-Dec-24,ABC47,Bachelor degree,B. Tech (CSE),Jain University,ABC47,ABC47,Team2,Company47,Product - B2B,Abc45,"25,00,000",,,,60,NA,Upto P50,28/02/25,{{Candidate_Signature}},25/04/25,,,,,,,,,,,,,,,,,,,,,,,,,,,,,,,Faizan Ahmad,,FTE
xyz134@gmail.com,title27,ABC134,Accepted,25-Feb-25,Anurag Tiwari,06-Jan-25,06-Jan-25,13-Jan-25,Internal HR,,Anurag Tiwari,Team21,Male,37 years,27-Jan-90,Joined,,xyz134@gmail.com,00-Jan-00,OneXP,,Backend,L4,title27,10-Nov-24,ABC48,Bachelor degree,B. Tech (CSE),Jain University,ABC48,ABC48,Team12,Company48,Product - B2C,Abc46,"10,00,000",,,,15,NA,Between P66-P75,12/03/25,{{Candidate_Signature}},07/03/25,,,,,,,,,,,,,,,,,,,,,,,,,,,,,,,anurag.tiwari@telekom-digital.com,Service & Engagement - Central Team,FTE
xyz135@gmail.com,title29,ABC135,Accepted,24-Feb-25,Anjali Singh,26-Dec-24,27-Dec-24,30-Jan-25,Internal HR,,Faizan Ahmad,Team12,Male,26 years,05-Jun-00,Joined,,xyz135@gmail.com,00-Jan-00,OneXP,,Android,L1,title36,15-Dec-24,ABC49,Bachelor degree,B. Tech,Jain University,ABC49,ABC49,Team12,Company49,Product - B2C,Abc47,"10,00,000",,,,45,NA,Upto P50,27/02/25,{{Candidate_Signature}},11/04/25,,,,,,,,,,,,,,,,,,,,,,,,,,,,,,,Anjali Singh,,FTE
xyz136@gmail.com,title30,ABC136,Accepted,24-Feb-25,Anjali Singh,26-Dec-24,27-Dec-24,03-Feb-25,Internal HR,,Faizan Ahmad,Team12,Male,24 years,02-Jul-02,Joined,,xyz136@gmail.com,00-Jan-00,OneXP,,Android,L1,Title45,03-Nov-24,ABC50,Bachelor degree,B. Tech (CSE),Jain University,ABC50,ABC50,Team12,Company50,Product - B2C,Abc48,"10,00,000",,,,15,NA,Upto P50,26/02/25,{{Candidate_Signature}},24/02/25,,,,,,,,,,,,,,,,,,,,,,,,,,,,,,,Anjali Singh,,FTE
xyz137@gmail.com,title4,ABC137,Accepted,21-Feb-25,Mohd Urfi Sheikh,07-Feb-25,07-Feb-25,31-Jan-25,Internal HR,Vendor3,Mohd Urfi Sheikh,Team14,Female,25 years,12-Sep-01,Joined,,xyz137@gmail.com,00-Jan-00,Unit8,,Backend,L1,title36,22-Dec-24,ABC51,Bachelor degree,B. Tech (CSE),Jain University,ABC51,ABC51,Team14,Company51,Product - B2C,Abc49,"10,00,000",,,,15,NA,Upto P50,09/04/25,{{Candidate_Signature}},19/04/25,,,,,,,,,,,,,,,,,,,,,,,,,,,,,,,mohd.sheikh@telekom-digital.com,DOT - Sales,FTE
xyz138@gmail.com,title31,ABC138,Accepted,19-Feb-25,Anjali Singh,04-Feb-25,05-Feb-25,30-Jan-25,Internal HR,,Faizan Ahmad,Team2,Male,24 years,01-Jun-02,Joined,,xyz138@gmail.com,00-Jan-00,Payzy,,Android,L1,title36,09-Dec-24,ABC52,Bachelor degree,B. Tech,Jain University,ABC52,ABC52,Team2,Company52,Product - B2C,Abc50,"10,00,000",,,,45,NA,Upto P50,{{Offer_Expiry_Date}},{{Candidate_Signature}},05/04/25,,,,,,,,,,,,,,,,,,,,,,,,,,,,,,,anjali.singh@telekom-digital.com,Fintech_PE,FTE
xyz139@gmail.com,title6,ABC139,Accepted,10-Mar-25,Faizan Ahmad,06-Feb-25,06-Feb-25,11-Feb-25,Internal HR,,Faizan Ahmad,Team6,Male,24 years,01-Jan-01,Joined,,xyz139@gmail.com,00-Jan-00,Business Partnering,,DevOps,L1,title6,10-Dec-24,ABC53,Bachelor degree,B. Tech (CSE),Jain University,ABC53,ABC53,Team6,Company53,Product - B2B,Abc51,"10,00,000",,,,60,NA,Upto P50,08/04/25,{{Candidate_Signature}},07/04/25,,,,,,,,,,,,,,,,,,,,,,,,,,,,,,,faizan.ahmad@telekom-digital.com,Fintech_PE,FTE
xyz140@gmail.com,title32,ABC140,Accepted,14-Apr-25,Mridu Alagh,13-Feb-25,14-Feb-25,17-Feb-25,Internal HR,,Mridu Alagh,Team5,Female,,01-Jun-94,Offer Creation,,xyz140@gmail.com,00-Jan-00,Shared Enabler,,Data Analytics,L1,title32,16-Feb-25,ABC54,Bachelor degree,B Tech,Jain University,ABC54,ABC54,Team5,Company54,Product - B2C,Abc52,"10,00,000",,,,30,NA,Upto P50,20/04/25,{{Candidate_Signature}},13/06/25,,,,,,,,,,,,,,,,,,,,,,,,,,,,,,,mridu.alagh@telekom-digital.com,Home_Data,FTE
xyz141@gmail.com,title32,ABC141,Accepted,14-Apr-25,Mridu Alagh,13-Feb-25,13-Feb-25,03-Apr-25,Internal HR,,Mridu Alagh,Team5,Male,,16-Sep-00,Offer Creation,,xyz141@gmail.com,00-Jan-00,Shared Enabler,,Data Analytics,L1,title32,11-Feb-25,ABC55,Bachelor degree,B. Tech,Jain University,ABC55,ABC55,Team5,Company55,Product - B2C,Abc53,"10,00,000",,,,30,NA,Upto P50,{{Offer_Expiry_Date}},{{Candidate_Signature}},19/05/25,,,,,,,,,,,,,,,,,,,,,,,,,,,,,,,mridu.alagh@telekom-digital.com,Commerce (Commerce),FTE
xyz142@gmail.com,title33,ABC142,Accepted,14-Apr-25,Mridu Alagh,17-Feb-25,20-Mar-25,20-Mar-25,Internal HR,,Mridu Alagh,Team5,Male,,17-May-91,Joined,,xyz142@gmail.com,00-Jan-00,Shared Enabler,,Data Analytics,L2,title33,21-Jan-25,ABC56,Bachelor degree,B Tech,Jain University,ABC56,ABC56,Team5,Company56,Product - B2C,Abc54,"10,00,000",,,,15,NA,Upto P50,{{Offer_Expiry_Date}},{{Candidate_Signature}},19/05/25,,,,,,,,,,,,,,,,,,,,,,,,,,,,,,,mridu.alagh@telekom-digital.com,Shared Enablers_PE,FTE
xyz143@gmail.com,title34,ABC143,Declined,29-Apr-25,Kavita Verma,30-Nov-24,01-Mar-25,08-Jan-25,Internal HR,,Kavita Verma,Team2,Female,27 years,09-Dec-98,Offer Declined,,xyz143@gmail.com,08-May-25,Payzy,,Backend,L1,Title46,01-Jan-25,ABC57,Bachelor degree,B. Tech,Jain University,ABC57,ABC57,Team2,Company57,Product - B2C,Abc55,"10,00,000",,,,Immediate,NA,Upto P50,30/04/25,{{Candidate_Signature}},#VALUE!,,,,,,,,,,,,,,,,,,,,,,,,,,,,,,,kavita.verma@telekom-digital.com,Fintech_PE,FTE
xyz144@gmail.com,title35,ABC144,Accepted,29-Apr-25,Shweta Pandey,28-Feb-25,28-Feb-25,21-Apr-25,Internal HR,,Shweta Pandey,Team11,Male,27 years,14-Oct-93,Joined,,xyz144@gmail.com,00-Jan-00,Unit8,,Procurement,L2,title35,26-Jan-25,ABC58,Masters degree,MBA,Jain University,ABC58,ABC58,Team45,Company58,Product - B2C,Abc56,"10,00,000",,,,15,NA,Upto P50,30/04/25,{{Candidate_Signature}},29/04/25,,,,,,,,,,,,,,,,,,,,,,,,,,,,,,,Shweta.Pandey@telekom-digital.com,Finance & Operations,FTE
xyz145@gmail.com,title36,ABC145,Accepted,29-Apr-25,Faizan Ahmad,28-Feb-25,28-Feb-25,04-Dec-24,Internal HR,,Faizan Ahmad,Team10,Female,25 years,30-Nov-00,Joined,,xyz145@gmail.com,00-Jan-00,OneXP,,Frontend,L1,title36,31-Dec-24,ABC59,Bachelor degree,B. Tech,Jain University,ABC59,ABC59,Team10,Company59,IT Services & Consulting,Abc57,"10,00,000",,,,Immediate,NA,Upto P50,30/04/25,{{Candidate_Signature}},29/04/25,,,,,,,,,,,,,,,,,,,,,,,,,,,,,,,faizan.ahmad@telekom-digital.com,Croatia,FTE
xyz146@gmail.com,title37,ABC146,Accepted,28-Apr-25,Faizan Ahmad,27-Feb-25,27-Feb-25,26-Mar-25,Consultant,Vendor2,Faizan Ahmad,Team12,Male,,10-Nov-97,Offer Creation,,xyz146@gmail.com,00-Jan-00,OneXP,,iOS,L1,Title46,15-Feb-25,ABC60,Bachelor degree,B. Tech (CSE),Jain University,ABC60,ABC60,Team12,Company60,Product - B2C,Abc58,"10,00,000",,,,60,NA,Upto P50,30/04/25,{{Candidate_Signature}},30/04/25,,,,,,,,,,,,,,,,,,,,,,,,,,,,,,,faizan.ahmad@telekom-digital.com,Engagement,FTE
xyz147@gmail.com,title18,ABC147,Accepted,28-Apr-25,Faizan Ahmad,27-Feb-25,28-Feb-25,10-Apr-25,Internal HR,,Faizan Ahmad,Team5,Female,24 years,04-Aug-02,Joined,,xyz147@gmail.com,00-Jan-00,Shared Enabler,,Data Engineering,L1,Title46,26-Jan-25,ABC61,Bachelor degree,B. Tech,Jain University,ABC61,ABC61,Team5,Company61,Product - B2C,Abc59,"10,00,000",,,,30,NA,Upto P50,30/04/25,{{Candidate_Signature}},29/04/25,,,,,,,,,,,,,,,,,,,,,,,,,,,,,,,faizan.ahmad@telekom-digital.com,Service_Data,FTE
xyz148@gmail.com,title11,ABC148,Declined,28-Apr-25,Shweta Pandey,27-Feb-25,28-Feb-25,10-Apr-25,Internal HR,,Kavita Verma,Team10,Male,27 years,30-Jun-96,Offer Creation,,xyz148@gmail.com,24-Jun-25,Natco Products,,Backend,L1,title36,23-Feb-25,ABC62,Bachelor degree,B. Tech (CSE),Jain University,ABC62,ABC62,Team10,Company62,Product - B2B,Abc60,"10,00,000",,,,30,NA,Upto P50,30/04/25,{{Candidate_Signature}},29/04/25,,,,,,,,,,,,,,,,,,,,,,,,,,,,,,,Shweta.Pandey@telekom-digital.com,Croatia,FTE
xyz149@gmail.com,title36,ABC149,Accepted,25-Apr-25,Mohd Urfi Sheikh,24-Feb-25,24-Feb-25,13-Jan-25,Internal HR,Vendor3,Faizan Ahmad,Team22,female,30 years,16-Aug-96,Joined,,xyz149@gmail.com,00-Jan-00,Shared Enabler,,Frontend,L1,title36,29-Dec-24,ABC63,Bachelor degree,B. Tech,Jain University,ABC63,ABC63,Team45,Company63,ITES - B2C,Abc61,"10,00,000",,,,Immediate,NA,Upto P50,26/04/25,{{Candidate_Signature}},25/04/25,,,,,,,,,,,,,,,,,,,,,,,,,,,,,,,mohd.sheikh@telekom-digital.com,Business Enablers,FTE
xyz150@gmail.com,title38,ABC150,Accepted,25-Apr-25,Anjali Singh,05-Mar-25,05-Mar-25,11-Mar-25,Consultant,Vendor1,Anjali Singh,Team5,Male,35 years,28-Jan-92,Offer Creation,,xyz150@gmail.com,00-Jan-00,Central Products,,Data Engineering,L3,title46,04-Mar-25,ABC64,Bachelor degree,B. Tech (CSE),Jain University,ABC64,ABC64,Team5,Company64,Product - B2C,Abc62,"10,00,000",,,,60,NA,Between P66-P75,{{Offer_Expiry_Date}},{{Candidate_Signature}},23/06/25,,,,,,,,,,,,,,,,,,,,,,,,,,,,,,,anjali.singh@telekom-digital.com,Data_Central Team,FTE
xyz151@gmail.com,title39,ABC151,Accepted,24-Apr-25,Faizan Ahmad,23-Feb-25,24-Feb-25,16-Apr-25,Consultant,Vendor2,Faizan Ahmad,Team2,Male,,22-Oct-97,Joined,,xyz151@gmail.com,00-Jan-00,Payzy,,iOS,L1,Title46,26-Dec-24,ABC65,Bachelor degree,B. Tech,Jain University,ABC65,ABC65,Team2,Company65,Product - B2B,Abc63,"10,00,000",,,,Immediate,NA,Upto P50,25/04/25,{{Candidate_Signature}},24/04/25,,,,,,,,,,,,,,,,,,,,,,,,,,,,,,,faizan.ahmad@telekom-digital.com,Consumer & Merchant Payzy App,FTE
xyz152@gmail.com,title11,ABC152,Accepted,24-Apr-25,Faizan Ahmad,23-Feb-25,24-Feb-25,14-Jan-25,Referral,Vendor3,Kavita Verma,Team23,Female,26 years,21-Jul-01,Joined,,xyz152@gmail.com,00-Jan-00,TDG,,Backend,L1,title36,26-Dec-24,ABC66,Bachelor degree,B. Tech (CSE),Jain University,ABC66,ABC66,Team23,Company66,Product - B2C,Abc64,"10,00,000",,,,Immediate,NA,Upto P50,25/04/25,{{Candidate_Signature}},25/04/25,,,,,,,,,,,,,,,,,,,,,,,,,,,,,,,faizan.ahmad@telekom-digital.com,MABU,FTE
xyz153@gmail.com,title18,ABC153,Declined,23-Apr-25,Faizan Ahmad,22-Feb-25,22-Feb-25,10-Apr-25,Internal HR,,Faizan Ahmad,Team5,Male,25 years,22-Aug-01,Offer Declined,,xyz153@gmail.com,26-May-25,Shared Enabler,,Data Engineering,L1,Title46,12-Jan-25,ABC67,Bachelor degree,B. Tech (CSE),Jain University,ABC67,ABC67,Team5,Company67,Product - B2C,Abc65,"10,00,000",,,,15,NA,Upto P50,25/04/25,{{Candidate_Signature}},23/04/25,,,,,,,,,,,,,,,,,,,,,,,,,,,,,,,faizan.ahmad@telekom-digital.com,TMUS_Data,FTE
xyz154@gmail.com,title4,ABC154,Declined,22-Apr-25,Mridu Alagh,21-Feb-25,21-Feb-25,21-Mar-25,Internal HR,,Mohd Urfi Sheikh,Team14,Male,25 years,18-Jun-01,Offer Declined,,xyz154@gmail.com,01-May-25,Unit8,,Backend,L1,title36,24-Dec-24,ABC68,Bachelor degree,B Tech,Jain University,ABC68,ABC68,Team14,Company68,Product - B2C,Abc66,"10,00,000",,,,Immediate,NA,Upto P50,{{Offer_Expiry_Date}},{{Candidate_Signature}},#VALUE!,,,,,,,,,,,,,,,,,,,,,,,,,,,,,,,mridu.alagh@telekom-digital.com,DOT - Service,FTE
xyz155@gmail.com,title40,ABC155,Accepted,22-Apr-25,Mohd Urfi Sheikh,27-Feb-25,28-Feb-25,10-Mar-25,Internal HR,Vendor3,Mohd Urfi Sheikh,Team7,Male,46 years,06-Jan-80,Offer Creation,,xyz155@gmail.com,00-Jan-00,Unit8,,Architecture,L3,Title47,04-Mar-25,ABC69,Masters degree,M Tech,Jain University,ABC69,ABC69,Team7,Company69,Product - B2B,Abc67,"10,00,000",,,,60,NA,Between P50-P66,30/04/25,{{Candidate_Signature}},29/04/25,,,,,,,,,,,,,,,,,,,,,,,,,,,,,,,mohd.sheikh@telekom-digital.com,RDK Factory,FTE
xyz156@gmail.com,title36,ABC156,Accepted,22-Apr-25,Faizan Ahmad,21-Feb-25,21-Feb-25,26-Mar-25,Referral,Vendor3,Faizan Ahmad,Team1,Male,,03-Aug-99,Joined,,xyz156@gmail.com,00-Jan-00,OneXP,,Frontend,L1,title36,24-Dec-24,ABC70,Bachelor degree,Graduate,Jain University,ABC70,ABC70,Team1,Company70,Product - B2C,Abc68,"10,00,000",,,,Immediate,NA,Upto P50,23/04/25,{{Candidate_Signature}},22/04/25,,,,,,,,,,,,,,,,,,,,,,,,,,,,,,,faizan.ahmad@telekom-digital.com,Common Commerce Capabilities,FTE
xyz157@gmail.com,title40,ABC157,Accepted,22-Apr-25,Mohd Urfi Sheikh,27-Feb-25,27-Feb-25,10-Mar-25,Internal HR,Vendor3,Mohd Urfi Sheikh,Team7,Male,,16-Nov-78,Offer Creation,,xyz157@gmail.com,00-Jan-00,Unit8,,Architecture,L3,Title47,04-Mar-25,ABC71,Masters degree,MCA,Jain University,ABC71,ABC71,Team7,Company71,Product - B2B,Abc69,"10,00,000",,,,60,NA,Between P50-P66,30/04/25,{{Candidate_Signature}},28/04/25,,,,,,,,,,,,,,,,,,,,,,,,,,,,,,,mohd.sheikh@telekom-digital.com,Core Routers Function & Access,FTE
xyz158@gmail.com,title41,ABC158,Accepted,22-Apr-25,Kavita Verma,21-Feb-25,21-Feb-25,07-Jan-25,Internal HR,,Kavita Verma,Team23,Male,33 years,25-Dec-92,Joined,,xyz158@gmail.com,00-Jan-00,TDG,,Business Analyst,L1,Title46,25-Dec-24,ABC72,Bachelor degree,B. Tech,Jain University,ABC72,ABC72,Team23,Company72,IT Services & Consulting,Abc70,"10,00,000",,,,Immediate,NA,Upto P50,23/04/25,{{Candidate_Signature}},22/04/25,,,,,,,,,,,,,,,,,,,,,,,,,,,,,,,kavita.verma@telekom-digital.com,MABU,FTE
xyz159@gmail.com,title42,ABC159,Declined,21-Apr-25,Mohd Urfi Sheikh,21-Feb-25,22-Feb-25,04-Apr-25,Consultant,Vendor1,Mohd Urfi Sheikh,Team13,Male,24 years,27-Dec-01,Offer Declined,,xyz159@gmail.com,19-May-25,Central Products,,QA,L1,title65,19-Jan-25,ABC73,Bachelor degree,B. Tech,Jain University,ABC73,ABC73,Team13,Company73,Product - B2B,Abc71,"10,00,000",,,,15,NA,Upto P50,24/04/25,{{Candidate_Signature}},23/04/25,,,,,,,,,,,,,,,,,,,,,,,,,,,,,,,mohd.sheikh@telekom-digital.com,Product Core,FTE
xyz160@gmail.com,title43,ABC160,Accepted,18-Apr-25,Kavita Verma,17-Feb-25,20-Feb-25,16-Apr-25,Consultant,Vendor6,Kavita Verma,Team11,FEMALE,,30-Jan-99,Joined,,xyz160@gmail.com,00-Jan-00,Business Partnering,,Legal,L1,Title46,01-Jan-25,ABC74,Masters degree,PG Diploma,Jain University,ABC74,ABC74,Team45,Company74,IT Services & Consulting,Abc72,"10,00,000",,,,15,NA,Upto P50,21/04/25,{{Candidate_Signature}},21/04/25,,,,,,,,,,,,,,,,,,,,,,,,,,,,,,,kavita.verma@telekom-digital.com,Finance - Mgmnt,FTE
xyz161@gmail.com,title42,ABC161,Accepted,17-Apr-25,Kavita Verma,16-Feb-25,16-Feb-25,08-Apr-25,Internal HR,,Mohd Urfi Sheikh,Team7,Male,26 years,29-Sep-00,Joined,,xyz161@gmail.com,00-Jan-00,OneXP,,QA,L1,title65,31-Dec-24,ABC75,Bachelor degree,B. Tech,Jain University,ABC75,ABC75,Team7,Company75,Product - B2C,Abc73,"10,00,000",,,,15,NA,Upto P50,18/04/25,{{Candidate_Signature}},17/04/25,,,,,,,,,,,,,,,,,,,,,,,,,,,,,,,kavita.verma@telekom-digital.com,Home - Central Team,FTE
xyz162@gmail.com,title44,ABC162,Accepted,16-Apr-25,Mohd Urfi Sheikh,17-Feb-25,17-Feb-25,17-Mar-25,Internal HR,Vendor3,Mohd Urfi Sheikh,Team2,Male,29 years,05-Nov-95,Joined,,xyz162@gmail.com,00-Jan-00,Unit8,,QA,L1,title69,24-Dec-24,ABC76,Bachelor degree,B. Tech,Jain University,ABC76,ABC76,Team2,Company76,Product - B2B,Abc74,"10,00,000",,,,Immediate,NA,Upto P50,19/04/25,{{Candidate_Signature}},18/04/25,,,,,,,,,,,,,,,,,,,,,,,,,,,,,,,mohd.sheikh@telekom-digital.com,Consumer & Merchant Payzy App,FTE
xyz163@gmail.com,title45,ABC163,Accepted,15-Apr-25,Anjali Singh,15-Feb-25,15-Feb-25,01-Apr-25,Internal HR,,Anjali Singh,Team4,Female,24 years,01-Sep-01,Offer Creation,,xyz163@gmail.com,00-Jan-00,Shared Enabler,,PM,L1,title45,18-Feb-25,ABC77,Bachelor degree,B. Tech (CSE),Jain University,ABC77,ABC77,Team45,Company77,Product - B2C,Abc75,"10,00,000",,,,45,NA,Upto P50,{{Offer_Expiry_Date}},{{Candidate_Signature}},16/04/25,,,,,,,,,,,,,,,,,,,,,,,,,,,,,,,anjali.singh@telekom-digital.com,Business Enablers,FTE
xyz164@gmail.com,title32,ABC164,Accepted,14-Apr-25,Mridu Alagh,15-Feb-25,15-Feb-25,11-Mar-25,Internal HR,,Mridu Alagh,Team5,Male,31 years,06-Jul-94,Joined,,xyz164@gmail.com,00-Jan-00,Shared Enabler,,Data Analytics,L1,title32,19-Jan-25,ABC78,Masters degree,MBA,Jain University,ABC78,ABC78,Team5,Company78,Product - B2C,Abc76,"10,00,000",,,,30,NA,Upto P50,20/04/25,{{Candidate_Signature}},16/04/25,,,,,,,,,,,,,,,,,,,,,,,,,,,,,,,mridu.alagh@telekom-digital.com,TMUS_Data,FTE
xyz165@gmail.com,title46,ABC165,Accepted,11-Apr-25,Kavita Verma,10-Feb-25,10-Feb-25,10-Mar-25,Consultant,,Kavita Verma,Team5,Male,38 years,18-May-90,Joined,,xyz165@gmail.com,00-Jan-00,Shared Enabler,,Backend,L3,title46,15-Dec-24,ABC79,Masters degree,MSC IT,Jain University,ABC79,ABC79,Team5,Company79,Product - B2C,Abc77,"10,00,000",,,,Immediate,NA,Upto P50,45965,{{Candidate_Signature}},04/11/25,,,,,,,,,,,,,,,,,,,,,,,,,,,,,,,kavita.verma@telekom-digital.com,Data_Central Team,FTE
xyz166@gmail.com,title47,ABC166,Accepted,02-May-25,Shweta Pandey,03-Mar-25,06-Mar-25,20-Mar-25,Internal HR,,Shweta Pandey,Team20,Male,26 years,29-Jul-00,Offer Creation,,xyz166@gmail.com,00-Jan-00,TDG,,Backend,L1,title36,27-Feb-25,ABC80,Bachelor degree,B. Tech (IT),Jain University,ABC80,ABC80,Team14,Company80,Product - B2C,Abc78,"10,00,000",,,,30,NA,Upto P50,05/05/25,{{Candidate_Signature}},05/06/25,,,,,,,,,,,,,,,,,,,,,,,,,,,,,,,Shweta.Pandey@telekom-digital.com,DOT Customer,FTE
xyz167@gmail.com,title15,ABC167,Accepted,01-May-25,Kavita Verma,04-Mar-25,04-Mar-25,22-Apr-25,Internal HR,,Kavita Verma,Team12,Female,33 years,29-Jan-92,Joined,,xyz167@gmail.com,00-Jan-00,OneXP,,TPM,L2,Title47,05-Jan-25,ABC81,Bachelor degree,B. Tech,Jain University,ABC81,ABC81,Team12,Company81,Product - B2C,Abc79,"10,00,000",,,,Immediate,NA,Upto P50,03-May-25,{{Candidate_Signature}},03/05/25,,,,,,,,,,,,,,,,,,,,,,,,,,,,,,,kavita.verma@telekom-digital.com,Service & Engagement - Central Team,FTE
xyz168@gmail.com,title1,ABC168,Accepted,30-Apr-25,Mohd Urfi Sheikh,02-Mar-25,06-Mar-25,06-Apr-25,Consultant,Vendor1,Mohd Urfi Sheikh,Team10,Male,,26-Dec-00,Joined,,xyz168@gmail.com,00-Jan-00,Unit8,,QA,L1,title65,16-Jan-25,ABC82,Bachelor degree,B. Tech,Jain University,ABC82,ABC82,Team10,Company82,Product - B2B,Abc80,"10,00,000",,,,Immediate,NA,Upto P50,06/05/25,{{Candidate_Signature}},15/05/25,,,,,,,,,,,,,,,,,,,,,,,,,,,,,,,mohd.sheikh@telekom-digital.com,Croatia,FTE
xyz169@gmail.com,title48,ABC169,Accepted,30-Apr-25,Mohd Urfi Sheikh,01-Mar-25,01-Mar-25,07-Apr-25,Internal HR,Vendor3,Mohd Urfi Sheikh,Team24,Female,26 years,22-Sep-01,Joined,,xyz169@gmail.com,00-Jan-00,Unit8,,Salesforce,L1,title36,05-Jan-25,ABC83,Bachelor degree,B. Tech,Jain University,ABC83,ABC83,Team24,Company83,ITES - B2C,Abc81,"10,00,000",,,,Immediate,NA,Upto P50,01/05/25,{{Candidate_Signature}},30/04/25,,,,,,,,,,,,,,,,,,,,,,,,,,,,,,,mohd.sheikh@telekom-digital.com,Austria,FTE
xyz170@gmail.com,title14,ABC170,Accepted,09-May-25,Kavita Verma,14-Mar-25,14-Mar-25,26-Apr-25,Internal HR,,Kavita Verma,Team25,Male,28 years,29-Dec-99,Joined,,xyz170@gmail.com,00-Jan-00,TDG,,QA,L1,Title46,19-Jan-25,ABC84,Bachelor degree,BE,Jain University,ABC84,ABC84,Team25,Company84,Product - B2B,Abc82,"10,00,000",,,,Immediate,NA,Upto P50,12/05/25,{{Candidate_Signature}},15/05/25,,,,,,,,,,,,,,,,,,,,,,,,,,,,,,,kavita.verma@telekom-digital.com,GIGABIT,FTE
xyz171@gmail.com,title49,ABC171,Accepted,09-May-25,Anjali Singh,23-Mar-25,23-Mar-25,10-Apr-25,Consultant,Vendor1,Anjali Singh,Team1,Male,33 years,02-Apr-92,Offered,,xyz171@gmail.com,00-Jan-00,OneXP,,PM,L3,Title47,20-Apr-25,ABC85,Masters degree,MBA-BTech,Jain University,ABC85,ABC85,Team1,Company85,Product - B2C,Abc83,"10,00,000",,,,60,NA,Above P75,{{Offer_Expiry_Date}},{{Candidate_Signature}},20/06/25,,,,,,,,,,,,,,,,,,,,,,,,,,,,,,,anjali.singh@telekom-digital.com,Commerce - Central Team,FTE
xyz172@gmail.com,title24,ABC172,Accepted,09-May-25,Kavita Verma,10-Mar-25,11-Mar-25,16-Apr-25,Referral,Vendor7,Kavita Verma,Team9,Male,34 years,07-Jun-94,Offer Creation,,xyz172@gmail.com,00-Jan-00,Shared Enabler,,Architecture,L2,title24,13-Apr-25,ABC86,Bachelor degree,B. Tech,Jain University,ABC86,ABC86,Team9,Company86,IT Services & Consulting,Abc84,"10,00,000",,,,90,NA,Upto P50,12-May-25,{{Candidate_Signature}},10/05/25,,,,,,,,,,,,,,,,,,,,,,,,,,,,,,,kavita.verma@telekom-digital.com,Architecture,FTE
xyz173@gmail.com,title36,ABC173,Accepted,07-May-25,Shweta Pandey,08-Mar-25,08-Mar-25,29-Apr-25,Internal HR,,Mohd Urfi Sheikh,Team5,Male,25 years,01-Oct-01,Joined,,xyz173@gmail.com,00-Jan-00,OneXP,,Backend,L1,title36,12-Jan-25,ABC87,Bachelor degree,B. Tech (CSE),Jain University,ABC87,ABC87,Team5,Company87,Product - B2C,Abc85,"15,00,000",,,,Immediate,NA,Upto P50,09-May-25,{{Candidate_Signature}},07/05/25,,,,,,,,,,,,,,,,,,,,,,,,,,,,,,,Shweta.Pandey@telekom-digital.com,Foundation_Data,FTE
xyz174@gmail.com,title11,ABC174,Accepted,07-May-25,Shweta Pandey,08-Mar-25,08-Mar-25,01-May-25,Consultant,Vendor1,Kavita Verma,Team10,Male,25 years,30-Jul-01,Joined,,xyz174@gmail.com,00-Jan-00,Natco Products,,Backend,L1,title36,08-Jan-25,ABC88,Bachelor degree,B. Tech (CSE),Jain University,ABC88,ABC88,Team10,Company88,Product - B2C,Abc86,"15,00,000",,,,Immediate,NA,Upto P50,07-May-25,{{Candidate_Signature}},07/05/25,,,,,,,,,,,,,,,,,,,,,,,,,,,,,,,Shweta.Pandey@telekom-digital.com,Croatia,FTE
xyz175@gmail.com,title50,ABC175,Accepted,06-May-25,Mohd Urfi Sheikh,07-Mar-25,07-Mar-25,22-Apr-25,Referral,Vendor3,Shweta Pandey,Team20,Male,24 years,01-Mar-03,Joined,,xyz175@gmail.com,00-Jan-00,TDG,,Backend,L1,title36,07-Jan-25,ABC89,Bachelor degree,B. Tech,Jain University,ABC89,ABC89,Team14,Company89,Product - B2B,Abc87,"15,00,000",,,,Immediate,NA,Upto P50,07-May-25,{{Candidate_Signature}},06/05/25,,,,,,,,,,,,,,,,,,,,,,,,,,,,,,,mohd.sheikh@telekom-digital.com,DOT - Service,FTE
xyz176@gmail.com,title51,ABC176,Accepted,06-May-25,Faizan Ahmad,07-Mar-25,07-Mar-25,25-Apr-25,Internal HR,,Akshima Arora,Team6,Male,29 years,16-Sep-96,Joined,,xyz176@gmail.com,00-Jan-00,Central Products,,SRE,L1,title51,07-Jan-25,ABC90,Masters degree,M.Sc.,Jain University,ABC90,ABC90,Team6,Company90,IT Services & Consulting,Abc88,"15,00,000",,,,Immediate,NA,Upto P50,07-May-25,{{Candidate_Signature}},06/05/25,,,,,,,,,,,,,,,,,,,,,,,,,,,,,,,faizan.ahmad@telekom-digital.com,EU_SRE_PE,FTE
xyz177@gmail.com,title5,ABC177,Accepted,06-May-25,Shweta Pandey,13-Mar-25,07-Apr-25,15-Apr-25,Internal HR,,Kavita Verma,Team5,Male,29 years,19-Nov-96,Offer Creation,,xyz177@gmail.com,00-Jan-00,TDG,,QA,L1,Title46,11-Feb-25,ABC91,Bachelor degree,B. Tech (IT),Jain University,ABC91,ABC91,Team5,Company91,Product - B2B,Abc89,"15,00,000",,,,30,NA,Upto P50,08/05/25,{{Candidate_Signature}},06/06/25,,,,,,,,,,,,,,,,,,,,,,,,,,,,,,,Shweta.Pandey@telekom-digital.com,Sales_Data,FTE
xyz178@gmail.com,title51,ABC178,Accepted,06-May-25,Faizan Ahmad,07-Mar-25,07-Mar-25,09-Apr-25,Internal HR,,Akshima Arora,Team6,Male,29 years,14-Jan-96,Joined,,xyz178@gmail.com,00-Jan-00,Central Products,,SRE,L1,Title46,07-Jan-25,ABC92,Bachelor degree,B. Tech (IT),Jain University,ABC92,ABC92,Team6,Company92,Product - B2B,Abc90,"15,00,000",,,,Immediate,NA,Upto P50,07-May-25,{{Candidate_Signature}},06/05/25,,,,,,,,,,,,,,,,,,,,,,,,,,,,,,,faizan.ahmad@telekom-digital.com,EU_SRE_PE,FTE
xyz179@gmail.com,title51,ABC179,Accepted,05-May-25,Faizan Ahmad,07-Mar-25,07-Mar-25,03-Dec-24,Internal HR,,Akshima Arora,Team6,Male,29 years,09-Jul-96,Joined,,xyz179@gmail.com,00-Jan-00,Central Products,,SRE,L1,title51,07-Jan-25,ABC93,Bachelor degree,B.Sc,Jain University,ABC93,ABC93,Team6,Company93,Product - B2C,Abc91,"15,00,000",,,,Immediate,NA,Upto P50,07-May-25,{{Candidate_Signature}},06/05/25,,,,,,,,,,,,,,,,,,,,,,,,,,,,,,,faizan.ahmad@telekom-digital.com,TMUS_SRE_PE,FTE
xyz180@gmail.com,title52,ABC180,Accepted,05-May-25,Faizan Ahmad,07-Mar-25,08-Mar-25,14-Apr-25,Referral,Vendor3,Faizan Ahmad,Team4,Male,34 years,05-Jun-91,Joined,,xyz180@gmail.com,00-Jan-00,Shared Enabler,,Frontend,L2,title52,07-Jan-25,ABC94,Bachelor degree,B. Tech (IT),Jain University,ABC94,ABC94,Team4,Company94,Product - B2B,Abc92,"15,00,000",,,,Immediate,NA,Between P50-P66,07-May-25,{{Candidate_Signature}},06/05/25,,,,,,,,,,,,,,,,,,,,,,,,,,,,,,,faizan.ahmad@telekom-digital.com,One Experience and One Kit,FTE
xyz181@gmail.com,title1,ABC181,Accepted,26-May-25,Mohd Urfi Sheikh,27-Mar-25,27-Mar-25,28-Apr-25,Consultant,Vendor5,Mohd Urfi Sheikh,Team2,Male,24 years,03-Jul-03,Offer Creation,,xyz181@gmail.com,00-Jan-00,Payzy,,QA,L1,title65,16-Feb-25,ABC95,Bachelor degree,B. Tech,Jain University,ABC95,ABC95,Team2,Company95,Product - B2C,Abc93,"15,00,000",,,,15,NA,Upto P50,29/05/25,{{Candidate_Signature}},26/05/25,,,,,,,,,,,,,,,,,,,,,,,,,,,,,,,mohd.sheikh@telekom-digital.com,Consumer & Merchant Payzy App,FTE
xyz182@gmail.com,title53,ABC182,Declined,23-May-25,Shweta Pandey,27-Mar-25,27-Mar-25,08-May-25,Internal HR,,Shweta Pandey,Team25,Male,26 years,14-Jul-00,Offer Creation,,xyz182@gmail.com,24-Jun-25,Unit9,,QA,L1,title65,24-Feb-25,ABC96,Bachelor degree,B. Tech (IT),Jain University,ABC96,ABC96,Team25,Company96,Product - B2B,Abc94,"15,00,000",,,,30,NA,Upto P50,26/05/25,{{Candidate_Signature}},26/05/25,,,,,,,,,,,,,,,,,,,,,,,,,,,,,,,Shweta.Pandey@telekom-digital.com,GIGABIT,FTE
xyz183@gmail.com,title54,ABC183,Declined,22-May-25,Faizan Ahmad,23-Mar-25,23-Mar-25,29-Nov-24,Referral,Vendor3,Faizan Ahmad,Team9,Female,23 years,15-Mar-02,Joined,,xyz183@gmail.com,22-May-25,Shared Enabler,,Architecture,L1,Title46,23-Jan-25,ABC97,Bachelor degree,B. Tech (CSE),Jain University,ABC97,ABC97,Team9,Company97,Product - B2C,Abc95,"15,00,000",,,,Immediate,NA,Upto P50,23-May-25,{{Candidate_Signature}},#VALUE!,,,,,,,,,,,,,,,,,,,,,,,,,,,,,,,faizan.ahmad@telekom-digital.com,Architecture - Service & Engagement,FTE
xyz184@gmail.com,title36,ABC184,Declined,20-May-25,Shweta Pandey,21-Mar-25,22-Mar-25,29-Apr-25,Consultant,Vendor2,Mohd Urfi Sheikh,Team10,Male,25 years,31-Dec-01,Offer Creation,,xyz184@gmail.com,12-Jun-25,OneXP,,Backend,L1,title36,04-Feb-25,ABC98,Bachelor degree,B. Tech (IT),Jain University,ABC98,ABC98,Team10,Company98,Product - B2B,Abc96,"15,00,000",,,,15,NA,Upto P50,21-May-25,{{Candidate_Signature}},21/05/25,,,,,,,,,,,,,,,,,,,,,,,,,,,,,,,Shweta.Pandey@telekom-digital.com,Croatia,FTE
xyz185@gmail.com,title55,ABC185,Approved,20-May-25,Anjali Singh,27-Mar-25,27-Mar-25,25-Feb-25,Referral,Vendor3,Anjali Singh,Team12,Male,,03-Aug-92,Offered,,xyz185@gmail.com,00-Jan-00,OneXP,,TPM,L3,title55,05-Mar-25,ABC99,Bachelor degree,BE,Jain University,ABC99,ABC99,Team12,Company99,Product - B2C,Abc97,"15,00,000",,,,60,NA,Between P50-P66,{{Offer_Expiry_Date}},{{Candidate_Signature}},#VALUE!,,,,,,,,,,,,,,,,,,,,,,,,,,,,,,,anjali.singh@telekom-digital.com,Service & Engagement - Central Team,FTE
xyz186@gmail.com,title56,ABC186,Accepted,19-May-25,Anjali Singh,07-Apr-25,07-Apr-25,24-Mar-25,Internal HR,,Faizan Ahmad,Team2,Female,32 years,23-Aug-94,Offer Creation,,xyz186@gmail.com,00-Jan-00,Payzy,,PM,L2,title56,13-Apr-25,ABC100,Masters degree,MBA-BTech,Jain University,ABC100,ABC100,Team2,Company100,Product - B2C,Abc98,"15,00,000",,,,45,NA,Between P50-P66,{{Offer_Expiry_Date}},{{Candidate_Signature}},07/06/25,,,,,,,,,,,,,,,,,,,,,,,,,,,,,,,anjali.singh@telekom-digital.com,Consumer & Merchant Payzy App,FTE
xyz187@gmail.com,title57,ABC187,Accepted,16-May-25,Kavita Verma,21-Mar-25,21-Mar-25,17-Apr-25,Referral,Vendor3,Kavita Verma,Team7,Male,,06-May-96,Offer Creation,,xyz187@gmail.com,00-Jan-00,OneXP,,Backend,L2,Title47,23-Mar-25,ABC101,Bachelor degree,B. Tech,Jain University,ABC101,ABC101,Team7,Company101,IT Services & Consulting,Abc99,"15,00,000",,,,60,NA,Upto P50,20-May-25,{{Candidate_Signature}},20/05/25,,,,,,,,,,,,,,,,,,,,,,,,,,,,,,,kavita.verma@telekom-digital.com,Home - Central Team,FTE
xyz188@gmail.com,title58,ABC188,Accepted,16-May-25,Kavita Verma,24-Mar-25,24-Mar-25,28-Apr-25,Referral,Vendor3,Kavita Verma,Team20,Male,,30-Sep-91,Joined,,xyz188@gmail.com,00-Jan-00,TDG,,TPM,L2,Title47,26-Jan-25,ABC102,Bachelor degree,B. Tech,Jain University,ABC102,ABC102,Team14,Company102,Product - B2C,Abc100,"15,00,000",,,,15,NA,Upto P50,26/05/25,{{Candidate_Signature}},23/05/25,,,,,,,,,,,,,,,,,,,,,,,,,,,,,,,kavita.verma@telekom-digital.com,DOT - Service,FTE
xyz189@gmail.com,title42,ABC189,Declined,15-May-25,Mohd Urfi Sheikh,17-Mar-25,17-Mar-25,19-Apr-25,Referral,,Mohd Urfi Sheikh,Team13,Male,,01-Jan-99,Offer Declined,,xyz189@gmail.com,20-May-25,Central Products,,QA,L1,title65,26-Jan-25,ABC103,Bachelor degree,B. Tech,Jain University,ABC103,ABC103,Team13,Company103,Product - B2B,Abc101,"15,00,000",,,,15,NA,Upto P50,20/05/25,{{Candidate_Signature}},#VALUE!,,,,,,,,,,,,,,,,,,,,,,,,,,,,,,,mohd.sheikh@telekom-digital.com,Product Core,FTE
xyz190@gmail.com,title59,ABC190,Accepted,15-May-25,Faizan Ahmad,16-Mar-25,16-Mar-25,06-May-25,Internal HR,,Faizan Ahmad,Team6,Male,28 years,26-Feb-99,Joined,,xyz190@gmail.com,00-Jan-00,Business Partnering,,NOC,L1,Title46,19-Jan-25,ABC104,Bachelor degree,BCA,Jain University,ABC104,ABC104,Team6,Company104,IT Services & Consulting,Abc102,"15,00,000",,,,Immediate,NA,Upto P50,17-May-25,{{Candidate_Signature}},15/05/25,,,,,,,,,,,,,,,,,,,,,,,,,,,,,,,faizan.ahmad@telekom-digital.com,Home_Operations,FTE
xyz191@gmail.com,title60,ABC191,Accepted,15-May-25,Mohd Urfi Sheikh,17-Mar-25,17-Mar-25,18-Feb-25,Referral,,Mohd Urfi Sheikh,Team2,Male,,27-Aug-00,Joined,,xyz191@gmail.com,00-Jan-00,Unit9,,Backend,L1,title36,19-Jan-25,ABC105,Bachelor degree,B. Tech (CSE),Jain University,ABC105,ABC105,Team2,Company105,Product - B2C,Abc103,"15,00,000",,,,Immediate,NA,Upto P50,16-May-25,{{Candidate_Signature}},16/05/25,,,,,,,,,,,,,,,,,,,,,,,,,,,,,,,mohd.sheikh@telekom-digital.com,Fintech_PE,FTE
xyz192@gmail.com,title42,ABC192,Accepted,15-May-25,Shweta Pandey,16-Mar-25,16-Mar-25,10-Apr-25,Internal HR,,Mohd Urfi Sheikh,Team1,Male,27 years,10-Feb-01,Joined,,xyz192@gmail.com,00-Jan-00,OneXP,,QA,L1,title65,16-Jan-25,ABC106,Bachelor degree,B.Sc,Jain University,ABC106,ABC106,Team1,Company106,Product - B2B,Abc104,"15,00,000",,,,Immediate,NA,Upto P50,15-May-25,{{Candidate_Signature}},15/05/25,,,,,,,,,,,,,,,,,,,,,,,,,,,,,,,Shweta.Pandey@telekom-digital.com,Common Commerce Capabilities,FTE
xyz193@gmail.com,title9,ABC193,Accepted,15-May-25,Anjali Singh,24-Mar-25,26-Mar-25,21-Apr-25,Internal HR,,Anjali Singh,Team2,Female,,04-Jul-94,Joined,,xyz193@gmail.com,00-Jan-00,Payzy,,PM,L2,title9,28-Jan-25,ABC107,Bachelor degree,B. Tech (IT),Jain University,ABC107,ABC107,Team2,Company107,Product - B2C,Abc105,"15,00,000",,,,15,NA,Between P50-P66,{{Offer_Expiry_Date}},{{Candidate_Signature}},25/05/25,,,,,,,,,,,,,,,,,,,,,,,,,,,,,,,anjali.singh@telekom-digital.com,Consumer & Merchant Payzy App,FTE
xyz194@gmail.com,title11,ABC194,Accepted,12-May-25,Shweta Pandey,13-Mar-25,16-Mar-25,29-Apr-25,Internal HR,,Kavita Verma,Team10,Male,24 years,03-Oct-04,Joined,,xyz194@gmail.com,00-Jan-00,Natco Products,,Backend,L1,title36,21-Jan-25,ABC108,Bachelor degree,B. Tech (IT),Jain University,ABC108,ABC108,Team10,Company108,Product - B2B,Abc106,"15,00,000",,,,15,NA,Upto P50,15/05/25,{{Candidate_Signature}},15/05/25,,,,,,,,,,,,,,,,,,,,,,,,,,,,,,,Shweta.Pandey@telekom-digital.com,Croatia,FTE
xyz195@gmail.com,title61,ABC195,Accepted,06-Feb-25,Faizan Ahmad,03-Apr-25,03-Apr-25,23/05/25,Internal HR,,Faizan Ahmad,Team6,Male,28 years,19-Jul-98,Offer Creation,,xyz195@gmail.com,00-Jan-00,Business Partnering,,NOC,L1,Title46,16-Feb-25,ABC109,Bachelor degree,B. Tech,Jain University,ABC109,ABC109,Team6,Company109,Product - B2C,Abc107,"15,00,000",,,,Immediate,NA,Upto P50,45811,{{Candidate_Signature}},03/06/25,,,,,,,,,,,,,,,,,,,,,,,,,,,,,,,faizan.ahmad@telekom-digital.com,TV & Home_PE,FTE
xyz196@gmail.com,title62,ABC196,Accepted,29-May-25,Anjali Singh,04-Apr-25,04-Apr-25,17/05/25,Consultant,Vendor8,Anjali Singh,Team13,Male,28 years,18-Jul-98,Joined,,xyz196@gmail.com,00-Jan-00,Central Products,,Frontend,L1,Title46,05-Feb-25,ABC110,Bachelor degree,B. Tech,Jain University,ABC110,ABC110,Team13,Company110,IT Services & Consulting,Abc108,"15,00,000",,,,Immediate,NA,Upto P50,{{Offer_Expiry_Date}},{{Candidate_Signature}},03/06/25,,,,,,,,,,,,,,,,,,,,,,,,,,,,,,,anjali.singh@telekom-digital.com,Product Core,FTE
xyz197@gmail.com,title5,ABC197,Accepted,27-May-25,Mohd Urfi Sheikh,30-Mar-25,30-Mar-25,17/04/25,Consultant,Vendor1,Kavita Verma,Team14,Female,27 years,26-Jan-96,Joined,,xyz197@gmail.com,00-Jan-00,TDG,,QA,L1,Title46,30-Jan-25,ABC111,Bachelor degree,B. Tech,Jain University,ABC111,ABC111,Team14,Company111,Product - B2B,Abc109,"15,00,000",,,,Immediate,NA,Upto P50,45806,{{Candidate_Signature}},29/05/25,,,,,,,,,,,,,,,,,,,,,,,,,,,,,,,mohd.sheikh@telekom-digital.com,DOT - Service,FTE
xyz198@gmail.com,title42,ABC198,Declined,26-May-25,Mohd Urfi Sheikh,30-Mar-25,01-Apr-25,05-Aug-25,Consultant,Vendor5,Mohd Urfi Sheikh,Team13,Female,26 years,19-Feb-99,Offer Creation,,xyz198@gmail.com,17-Jun-25,Central Products,,QA,L1,title65,18-Feb-25,ABC112,Bachelor degree,B. Tech (CSE),Jain University,ABC112,ABC112,Team13,Company112,Product - B2C,Abc110,"15,00,000",,,,15,NA,Upto P50,31/05/25,{{Candidate_Signature}},30/05/25,,,,,,,,,,,,,,,,,,,,,,,,,,,,,,,mohd.sheikh@telekom-digital.com,TV & Home_PE,FTE
xyz199@gmail.com,title63,ABC199,Accepted,06-Jun-25,Mridu Alagh,07-Apr-25,07-Apr-25,08-May-25,Internal HR,,Akshima Arora,Team17,Male,,19-Jun-94,Offered,,xyz199@gmail.com,00-Jan-00,Unit9,,Data Science,L2,Title47,09-Mar-25,ABC113,Bachelor degree,B. Tech,Jain University,ABC113,ABC113,Team17,Company113,Product - B2B,Abc111,"15,00,000",,,,30,NA,Upto P50,15/06/25,{{Candidate_Signature}},15/06/25,,,,,,,,,,,,,,,,,,,,,,,,,,,,,,,mridu.alagh@telekom-digital.com,OneAI - Data Science,FTE
xyz200@gmail.com,title64,ABC200,Accepted,06-Jun-25,Anjali Singh,10-Apr-25,10-Apr-25,07-May-25,Consultant,Vendor9,Anjali Singh,Team26,Male,31 years,27-Dec-95,Offer Creation,,xyz200@gmail.com,00-Jan-00,OneXP,,Backend,L2,Title47,18-Mar-25,ABC114,Bachelor degree,BE,Jain University,ABC114,ABC114,Team7,Company114,Product - B2B,Abc112,"15,00,000",,,,30,NA,Upto P50,{{Offer_Expiry_Date}},{{Candidate_Signature}},10/06/25,,,,,,,,,,,,,,,,,,,,,,,,,,,,,,,anjali.singh@telekom-digital.com,RDK Factory,FTE
xyz201@gmail.com,title40,ABC201,Accepted,05-Jun-25,Anjali Singh,10-Apr-25,13-Apr-25,25-Apr-25,Consultant,Vendor1,Mohd Urfi Sheikh,Team7,Male,42 years,07-Dec-84,Offered,,xyz201@gmail.com,00-Jan-00,Unit9,,Architecture,L2,Title47,16-Mar-25,ABC115,Bachelor degree,B. Tech,Jain University,ABC115,ABC115,Team7,Company115,Product - B2B,Abc113,"15,00,000",,,,30,NA,Upto P50,{{Offer_Expiry_Date}},{{Candidate_Signature}},13/06/25,,,,,,,,,,,,,,,,,,,,,,,,,,,,,,,anjali.singh@telekom-digital.com,RDK Factory,FTE
xyz202@gmail.com,title13,ABC202,Accepted,04-Jun-25,Kavita Verma,10-Apr-25,10-Apr-25,19-May-25,Internal HR,,Kavita Verma,Team11,Male,36 years,22-Apr-90,Offer Creation,,xyz202@gmail.com,00-Jan-00,Unit9,,Finance,L2,Title47,13-May-25,ABC116,Masters degree,CA,Jain University,ABC116,ABC116,Team45,Company116,Product - B2C,Abc114,"15,00,000",,,,90,NA,Between P50-P66,10-Jun-25,{{Candidate_Signature}},09/06/25,,,,,,,,,,,,,,,,,,,,,,,,,,,,,,,kavita.verma@telekom-digital.com,Finance - Mgmnt,FTE
xyz203@gmail.com,title5,ABC203,Accepted,04-Jun-25,Mohd Urfi Sheikh,06-Apr-25,06-Apr-25,06-May-25,Internal HR,,Kavita Verma,Team14,Male,,13-Feb-99,Offer Creation,,xyz203@gmail.com,00-Jan-00,TDG,,QA,L1,Title46,06-Feb-25,ABC117,Bachelor degree,B. Tech,Jain University,ABC117,ABC117,Team14,Company117,Product - B2B,Abc115,"15,00,000",,,,Immediate,NA,Upto P50,05-Jun-25,{{Candidate_Signature}},05/06/25,,,,,,,,,,,,,,,,,,,,,,,,,,,,,,,mohd.sheikh@telekom-digital.com,DOT - Service,FTE
xyz204@gmail.com,title42,ABC204,Accepted,04-Jun-25,Mohd Urfi Sheikh,05-Apr-25,06-Apr-25,01-May-25,Internal HR,,Mohd Urfi Sheikh,Team7,Male,,01-Jan-02,Offer Creation,,xyz204@gmail.com,00-Jan-00,OneXP,,QA,L1,title65,23-Feb-25,ABC118,Masters degree,MCA,Jain University,ABC118,ABC118,Team1,Company118,Product - B2C,Abc116,"15,00,000",,,,60,NA,Upto P50,06-Jun-25,{{Candidate_Signature}},18/06/25,,,,,,,,,,,,,,,,,,,,,,,,,,,,,,,mohd.sheikh@telekom-digital.com,Commerce - Central Team,FTE
xyz205@gmail.com,title12,ABC205,Accepted,03-Jun-25,Kavita Verma,05-Apr-25,05-Apr-25,21-Apr-25,Internal HR,,Kavita Verma,Team4,Male,30 years,26-Oct-96,Offer Creation,,xyz205@gmail.com,00-Jan-00,Shared Enabler,,TPM,L1,Title46,06-Apr-25,ABC119,Masters degree,MBA,Jain University,ABC119,ABC119,Team4,Company119,Product - B2B,Abc117,"15,00,000",,,,60,NA,Upto P50,06-Jun-25,{{Candidate_Signature}},04/06/25,,,,,,,,,,,,,,,,,,,,,,,,,,,,,,,kavita.verma@telekom-digital.com,Shared Enablers_PE,FTE
xyz206@gmail.com,title5,ABC206,Accepted,20-Jun-25,Mohd Urfi Sheikh,21-Apr-25,22-Apr-25,07-May-25,Referral,Vendor3,Mohd Urfi Sheikh,Team20,Male,,10-Jun-96,Offer Creation,,xyz206@gmail.com,00-Jan-00,Unit9,,QA,L1,Title46,23-Feb-25,ABC120,Bachelor degree,BCA,Jain University,ABC120,ABC120,Team14,Company120,Product - B2B,Abc118,"15,00,000",,,,Immediate,NA,Upto P50,45829,{{Candidate_Signature}},21/06/25,,,,,,,,,,,,,,,,,,,,,,,,,,,,,,,mohd.sheikh@telekom-digital.com,DOT - Service,FTE
xyz207@gmail.com,title4,ABC207,Accepted,20-Jun-25,Mridu Alagh,21-Apr-25,22-Apr-25,09-May-25,Internal HR,,Mohd Urfi Sheikh,Team15,Male,24 years,05-Jun-01,Offer Creation,,xyz207@gmail.com,00-Jan-00,Unit9,,Backend,L1,title36,05-Mar-25,ABC121,Bachelor degree,B. Tech,Jain University,ABC121,ABC121,Team14,Company121,Product - B2B,Abc119,"15,00,000",,,,15,NA,Upto P50,45830,{{Candidate_Signature}},21/06/25,,,,,,,,,,,,,,,,,,,,,,,,,,,,,,,mridu.alagh@telekom-digital.com,DOT Product,FTE
xyz208@gmail.com,title65,ABC208,Accepted,17-Jun-25,Mohd Urfi Sheikh,19-Apr-25,19-Apr-25,27-Apr-25,Referral,,Mohd Urfi Sheikh,Team13,Male,,16-Feb-00,Offer Creation,,xyz208@gmail.com,00-Jan-00,Unit9,,QA,L1,title65,20-Feb-25,ABC122,Bachelor degree,B. Tech,Jain University,ABC122,ABC122,Team13,Company122,Product - B2B,Abc120,"15,00,000",,,,Immediate,NA,Upto P50,45827,{{Candidate_Signature}},18/06/25,,,,,,,,,,,,,,,,,,,,,,,,,,,,,,,mohd.sheikh@telekom-digital.com,Product Core,FTE
xyz209@gmail.com,title50,ABC209,Accepted,17-Jun-25,Shweta Pandey,18-Apr-25,18-Apr-25,01-May-25,Consultant,Vendor1,Shweta Pandey,Team27,Male,,05-Mar-03,Hired,,xyz209@gmail.com,00-Jan-00,TDG,,Backend,L1,title36,18-Feb-25,ABC123,Bachelor degree,B. Tech (CSE),Jain University,ABC123,ABC123,Team27,Company123,Product - B2B,Abc121,"15,00,000",,,,Immediate,NA,Upto P50,45825,{{Candidate_Signature}},17/06/25,,,,,,,,,,,,,,,,,,,,,,,,,,,,,,,Shweta.Pandey@telekom-digital.com,Core Routers Function & Access,FTE
xyz210@gmail.com,title66,ABC210,Accepted,17-Jun-25,Mohd Urfi Sheikh,19-Apr-25,19-Apr-25,05-Jun-25,Consultant,Vendor5,Mohd Urfi Sheikh,Team4,Male,26 years,21-Jul-00,Offer Creation,,xyz210@gmail.com,00-Jan-00,Unit9,,,L1,Title46,23-Feb-25,ABC124,Bachelor degree,B. Tech,Jain University,ABC124,ABC124,Team4,Company124,Product - B2C,Abc122,"15,00,000",,,,Immediate,NA,Upto P50,45827,{{Candidate_Signature}},18/06/25,,,,,,,,,,,,,,,,,,,,,,,,,,,,,,,mohd.sheikh@telekom-digital.com,Core Channel Experience,FTE
xyz211@gmail.com,title19,ABC211,Approved,16-Jun-25,Anjali Singh,26-Apr-25,26-Apr-25,06-Jun-25,Consultant,Vendor1,Faizan Ahmad,Team5,Male,30 years,02-Aug-96,Offer Creation,,xyz211@gmail.com,00-Jan-00,Shared Enabler,,Data Engineering,L1,title19,25-Mar-25,ABC125,Bachelor degree,B. Tech,Jain University,ABC125,ABC125,Team5,Company125,Product - B2B,Abc123,"15,00,000",,,,30,NA,Between P50-P66,#VALUE!,{{Candidate_Signature}},#VALUE!,,,,,,,,,,,,,,,,,,,,,,,,,,,,,,,anjali.singh@telekom-digital.com,Foundation_Data,FTE
xyz212@gmail.com,title67,ABC212,Accepted,12-Jun-25,Anurag Tiwari,18-Apr-25,18-Apr-25,13-May-25,Internal HR,,Anurag Tiwari,Team16,Male,,23-Feb-98,Offer Creation,,xyz212@gmail.com,00-Jan-00,Business Partnering,,,L2,title67,25-Mar-25,ABC126,Masters degree,MBA,Jain University,ABC126,ABC126,Team45,Company126,Product - B2C,Abc124,"15,00,000",,,,30,NA,Between P66-P75,45828,{{Candidate_Signature}},17/06/25,,,,,,,,,,,,,,,,,,,,,,,,,,,,,,,anurag.tiwari@telekom-digital.com,People Team,FTE
xyz213@gmail.com,title68,ABC213,Accepted,12-Jun-25,Faizan Ahmad,20-Apr-25,20-Apr-25,27-May-25,Internal HR,,Faizan Ahmad,Team6,Male,28 years,16-Oct-97,Offer Creation,,xyz213@gmail.com,00-Jan-00,Business Partnering,,Incident Management,L1,title68,23-Feb-25,ABC127,Bachelor degree,BE,Jain University,ABC127,ABC127,Team6,Company127,IT Services & Consulting,Abc125,"15,00,000",,,,15,NA,Upto P50,45828,{{Candidate_Signature}},19/06/25,,,,,,,,,,,,,,,,,,,,,,,,,,,,,,,faizan.ahmad@telekom-digital.com,Home_Operations,FTE
xyz214@gmail.com,title11,ABC214,Accepted,10-Jun-25,Shweta Pandey,11-Apr-25,12-Apr-25,13-May-25,Consultant,Vendor2,Kavita Verma,Team10,Male,29 years,03-Jul-95,Hired,,xyz214@gmail.com,00-Jan-00,Natco Products,,Backend,L1,title36,13-Feb-25,ABC128,Bachelor degree,B. Tech (IT),Jain University,ABC128,ABC128,Team10,Company128,Product - B2C,Abc126,"15,00,000",,,,Immediate,NA,Upto P50,45819,{{Candidate_Signature}},11/06/25,,,,,,,,,,,,,,,,,,,,,,,,,,,,,,,Shweta.Pandey@telekom-digital.com,Croatia,FTE
xyz215@gmail.com,title42,ABC215,Accepted,24-Jun-25,Shweta Pandey,25-Apr-25,25-Apr-25,17-Jun-25,Internal HR,,Mohd Urfi Sheikh,Team7,Male,,01-Jan-99,Offer Creation,,xyz215@gmail.com,00-Jan-00,OneXP,,QA,L1,,25-Feb-25,ABC129,Bachelor degree,B. Tech (CSE),Jain University,ABC129,ABC129,Team13,Company129,Product - B2B,Abc127,"15,00,000",,,,Immediate,NA,Upto P50,45832,{{Candidate_Signature}},24/06/25,,,,,,,,,,,,,,,,,,,,,,,,,,,,,,,Shweta Pandey,Product Core,FTE
xyz216@gmail.com,title18,ABC216,Released,25-Jun-25,Faizan Ahmad,26-Apr-25,26-Apr-25,03-Jun-25,Internal HR,,Faizan Ahmad,Team5,Male,,01-Jan-99,Offer Creation,,xyz216@gmail.com,00-Jan-00,Shared Enabler,,Data Engineering,L1,,13-Apr-25,ABC130,Bachelor degree,B. Tech (CSE),Jain University,ABC130,ABC130,Team5,Company130,Product - B2C,Abc128,"15,00,000",,,,60,NA,Upto P50,45835,{{Candidate_Signature}},26/06/25,,,,,,,,,,,,,,,,,,,,,,,,,,,,,,,Faizan Ahmad,B2B,FTE
xyz217@gmail.com,title18,ABC217,Accepted,24-Jun-25,Faizan Ahmad,25-Apr-25,25-Apr-25,03-Jun-25,Internal HR,,Faizan Ahmad,Team5,Male,,01-Jan-99,Offer Creation,,xyz217@gmail.com,00-Jan-00,Shared Enabler,,Data Engineering,L1,,13-Apr-25,ABC131,Masters degree,MCA,Jain University,ABC131,ABC131,Team5,Company131,Product - B2B,Abc129,"15,00,000",,,,60,NA,Upto P50,45835,{{Candidate_Signature}},24/06/25,,,,,,,,,,,,,,,,,,,,,,,,,,,,,,,Faizan Ahmad,B2B,FTE
xyz218@gmail.com,title58,ABC218,Released,24-Jun-25,Kavita Verma,27-Apr-25,27-Apr-25,22-Apr-25,Job Boards,,Kavita Verma,Team1,Female,,01-Jan-99,Offer Creation,,xyz218@gmail.com,00-Jan-00,OneXP,,TPM,L2,,30-Mar-25,ABC132,Bachelor degree,B. Tech,Jain University,ABC132,ABC132,Team1,Company132,Product - B2C,Abc130,"15,00,000",,,,30,NA,Upto P50,45834,{{Candidate_Signature}},27/06/25,,,,,,,,,,,,,,,,,,,,,,,,,,,,,,,Kavita Verma,Commerce - Central Team,FTE
xyz219@gmail.com,title69,ABC219,Released,24-Jun-25,Mohd Urfi Sheikh,04-May-25,,19-Jun-25,Internal Job Page,,Mohd Urfi Sheikh,Team5,Female,,01-Jan-99,Offer Creation,,xyz219@gmail.com,00-Jan-00,Unit9,,QA,L1,,25-Mar-25,ABC133,Bachelor degree,B. Tech,Jain University,ABC133,ABC133,Team5,Company133,Product - B2C,Abc131,"15,00,000",,,,30,NA,Above P75,45835,{{Candidate_Signature}},#VALUE!,,,,,,,,,,,,,,,,,,,,,,,,,,,,,,,Mohd Urfi Sheikh,Foundation_Data,FTE
xyz220@gmail.com,title70,ABC220,Accepted,26-Jun-25,Kavita Verma,27-Apr-25,27-Apr-25,26-May-25,Referral,Vendor3,Kavita Verma,Team9,Male,38 years,21-Sep-87,Offer Creation,,xyz220@gmail.com,00-Jan-00,Shared Enabler,,Architecture,L2,,03-Jun-25,ABC134,Bachelor degree,B. Tech (CSE),Jain University,ABC134,ABC134,Team9,Company134,Others,Abc132,"15,00,000",,,,90,NA,Upto P50,45835,{{Candidate_Signature}},26/06/25,,,,,,,,,,,,,,,,,,,,,,,,,,,,,,,#N/A,Architecture,FTE
xyz221@gmail.com,title71,ABC221,Released,01-Jul-25,Anjali Singh,,,15-May-25,Internal HR,,Anurag Tiwari,Team1,Male,,01-Jan-99,Offer Creation,,xyz221@gmail.com,00-Jan-00,OneXP,,PM,L4,,29-Apr-25,ABC135,Masters degree,MBA-BTech,Jain University,ABC135,ABC135,Team1,Company135,Product - B2C,Abc133,"15,00,000",,,,60,NA,Between P50-P66,#VALUE!,{{Candidate_Signature}},#VALUE!,,,,,,,,,,,,,,,,,,,,,,,,,,,,,,,,Check-Out,FTE
xyz222@gmail.com,title72,ABC222,Accepted,30-Jun-25,Faizan Ahmad,30-Jun-25,30-Jun-25,24-Jun-25,Internal Job Page,,Faizan Ahmad,Team6,Male,,01-Jan-99,Offer Creation,,xyz222@gmail.com,00-Jan-00,Business Partnering,,SRE,L1,,03-Mar-25,ABC136,Bachelor degree,B. Tech (CSE),Jain University,ABC136,ABC136,Team6,Company136,Product - B2C,Abc134,"15,00,000",,,,Immediate,NA,Upto P50,45839,{{Candidate_Signature}},30/06/25,,,,,,,,,,,,,,,,,,,,,,,,,,,,,,,,EU_SRE_PE,FTE
xyz223@gmail.com,title73,ABC223,Accepted,27-Jun-25,Shweta Pandey,27-Jun-25,30-Jun-25,13-Jun-25,Internal HR,,Shweta Pandey,Team4,Female,24 years,31-Jan-02,Offer Creation,,xyz223@gmail.com,00-Jan-00,Unit9,,QA,L1,,12-Mar-25,ABC137,Bachelor degree,B. Tech (CSE),Jain University,ABC137,ABC137,Team4,Company137,Product - B2C,Abc135,"15,00,000",,,,15,NA,Upto P50,45838,{{Candidate_Signature}},30/06/25,,,,,,,,,,,,,,,,,,,,,,,,,,,,,,,,Core Channel Experience,FTE
xyz224@gmail.com,title74,ABC224,Accepted,03-Jul-25,Mridu Alagh,04-Jul-25,05-Jul-25,02-Jul-25,Internal HR,,Faizan Ahmad,Team5,Female,,01-Jan-99,Offer Creation,,xyz224@gmail.com,,Shared Enabler,,Data Engineering,L1,,09-Mar-25,ABC138,Bachelor degree,B. Tech (CSE),Jain University,ABC138,ABC138,Team5,Company138,Product - B2C,Abc136,"15,00,000",,,,Immediate,NA,Upto P50,45843,{{Candidate_Signature}},05/07/25,,,,,,,,,,,,,,,,,,,,,,,,,,,,,,,,Sales_Data,FTE
xyz225@gmail.com,title75,ABC225,Accepted,02-Jul-25,Anjali Singh,05-Jul-25,05-Jul-25,13-Jun-25,Consultant,Vendor1,Anjali Singh,Team5,Male,,01-Jan-99,Offer Creation,,xyz225@gmail.com,,Shared Enabler,,Data Engineering,L2,,09-Mar-25,ABC139,Bachelor degree,B. Tech,Jain University,ABC139,ABC139,Team5,Company139,Product - B2B,Abc137,"15,00,000",,,,Immediate,NA,Above P75,#VALUE!,{{Candidate_Signature}},05/07/25,,,,,,,,,,,,,,,,,,,,,,,,,,,,,,,,TMUS_Data,FTE
xyz226@gmail.com,title76,ABC226,Accepted,01-Jul-25,Mridu Alagh,04-Jul-25,04-Jul-25,07-May-25,Referral,Vendor3,Akshima Arora,Team17,Male,38 years,09-Mar-88,Offer Creation,,xyz226@gmail.com,,Unit9,,Data Science,L2,,11-Mar-25,ABC140,Masters degree,M Tech,Jain University,ABC140,ABC140,Team17,Company140,Product - B2C,Abc138,"15,00,000",,,,Immediate,NA,Between P50-P66,45843,{{Candidate_Signature}},04/07/25,,,,,,,,,,,,,,,,,,,,,,,,,,,,,,,,OneAI - Data Science,FTE
,,,,,,,,,,,,,,,,,,,,,,,,,,,,,,,,,,,,"15,00,000",,,,,,,,,,,,,,,,,,,,,,,,,,,,,,,,,,,,,,,,,,
,,,,,,,,,,,,,,,,,,,,,,,,,,,,,,,,,,,,"15,00,000",,,,,,,,,,,,,,,,,,,,,,,,,,,,,,,,,,,,,,,,,,
,,,,,,,,,,,,,,,,,,,,,,,,,,,,,,,,,,,,"15,00,000",,,,,,,,,,,,,,,,,,,,,,,,,,,,,,,,,,,,,,,,,,
,,,,,,,,,,,,,,,,,,,,,,,,,,,,,,,,,,,,"15,00,000",,,,,,,,,,,,,,,,,,,,,,,,,,,,,,,,,,,,,,,,,,